rank	ligand	N_Fe_dist_A	vina_kcal_mol
1	flutrimazole	2.371	-8.9
2	verinurad	2.417	-7.3
3	vatalanib	2.479	-11.0
4	flucloxacillin	2.558	-7.8
5	taranabant	2.586	-10.5
6	lersivirine	2.599	-7.1
7	LDN-27219	2.603	-9.3
8	R-1479	2.621	-7.4
9	ravuconazole	2.653	-10.7
10	L-838417	2.667	-9.2
11	MRK-016	2.669	-8.9
12	epacadostat	2.674	-8.5
13	olprinone	2.680	-8.1
14	nolatrexed	2.692	-9.4
15	tazobactam	2.695	-8.0
16	TC-S-7006	2.698	-9.5
17	SD-0006	2.705	-9.8
18	GDC-0879	2.705	-8.8
19	apatinib	2.711	-10.7
20	nerbacadol	2.713	-7.6
21	CYM-5520	2.714	-9.7
22	fosfluconazole	2.717	-8.2
23	letrozole	2.719	-8.0
24	SU9516	2.723	-7.8
25	cytarabine	2.724	-7.0
26	A-438079	2.725	-8.9
27	E7820	2.730	-9.0
28	BAZ2-ICR	2.731	-8.9
29	balapiravir	2.733	-7.4
30	NVP-DPP728	2.739	-7.5
31	fluconazole	2.740	-8.2
32	SB-203580	2.740	-8.5
33	NS-8	2.748	-7.9
34	GSK2578215A	2.750	-10.6
35	trelagliptin	2.750	-8.5
36	SRPIN340	2.752	-8.7
37	dazoxiben	2.756	-7.7
38	VX-702	2.757	-10.5
39	motesanib	2.762	-10.0
40	ebrotidine	2.765	-9.6
41	CS-917	2.765	-8.1
42	SKF-86002	2.766	-9.0
43	cathepsin-inhibitor-1	2.766	-9.2
44	ABT-702	2.777	-8.9
45	CHIR-98014	2.778	-10.2
46	ozanimod	2.778	-9.8
47	TG-02	2.781	-0.9
48	bropirimine	2.781	-8.0
49	pentylenetetrazol	2.782	-5.9
50	cefotiam	2.782	-8.2
51	zonisamide	2.785	-7.2
52	resmetirom	2.786	-8.7
53	Ro-9187	2.787	-7.3
54	H-89	2.788	-9.7
55	febuxostat	2.789	-8.6
56	olmesartan	2.797	-8.9
57	voriconazole	2.799	-9.3
58	Ro-3	2.800	-8.4
59	MK-0354	2.800	-7.5
60	4-pyrimidinecarbonitrile	2.802	-4.4
61	cilostazol	2.802	-10.5
62	AZD9272	2.802	-9.4
63	zuranolone	2.802	-10.4
64	BTS-71321	2.804	-7.9
65	BAY-60-6583	2.805	-8.1
66	BMS-265246	2.806	-9.6
67	3-methyladenine	2.811	-6.0
68	WAY-255348	2.811	-8.5
69	tofacitinib	2.812	-8.7
70	ETP-45658	2.812	-9.0
71	EPZ020411	2.813	-9.6
72	ruxolitinib-_S_	2.815	-8.4
73	luliconazole	2.817	-8.1
74	topiroxostat	2.817	-8.5
75	A-839977	2.818	-10.5
76	SAR405	2.822	-9.1
77	NMS-873	2.823	-11.8
78	evobrutinib	2.824	-10.2
79	AVN-944	2.824	-10.4
80	ceforanide	2.825	-8.3
81	retagliptin	2.825	-10.9
82	TC-G-1000	2.828	-7.6
83	pyrimethamine	2.829	-7.9
84	C-751	2.829	-5.0
85	LUF-5834	2.830	-7.9
86	A-769662	2.831	-10.2
87	allopurinol	2.832	-5.6
88	NS-3623	2.834	-10.8
89	croconazole	2.838	-9.8
90	AZD7687	2.839	-10.4
91	telratolimod	2.840	-9.3
92	piroximone	2.840	-7.5
93	taltirelin	2.840	-8.8
94	azacitidine	2.841	-6.7
95	upadacitinib	2.841	-9.6
96	cefoselis	2.842	-7.4
97	resiquimod	2.842	-7.9
98	sangivamycin	2.843	-7.6
99	hydralazine	2.843	-7.5
100	lesinurad	2.844	-8.8
101	MRK-409	2.846	-9.9
102	azathioprine	2.847	-7.4
103	cefonicid	2.847	-8.9
104	Debio-0932	2.848	-8.0
105	AZD1283	2.849	-9.2
106	AZ960	2.850	-9.5
107	anastrozole	2.851	-8.2
108	rogaratinib	2.851	-7.5
109	LX7101	2.853	-8.7
110	candesartan	2.853	-8.9
111	PR-619	2.857	-5.5
112	AZD4635	2.858	-8.5
113	plurisin-1	2.858	-8.9
114	otamixaban	2.859	-11.2
115	pranlukast	2.861	-11.8
116	oltipraz	2.862	-5.9
117	tiotidine	2.862	-7.7
118	CPI-444	2.864	-10.9
119	pyrazinamide	2.864	-4.9
120	UK-5099	2.869	-9.3
121	LY2157299	2.871	-8.8
122	zidovudine	2.874	-7.4
123	TH-588	2.875	-8.7
124	ZD-7155	2.877	-9.6
125	KH-CB19	2.879	-7.7
126	ravoxertinib	2.879	-9.5
127	aminopterin	2.881	-10.7
128	tubastatin-A	2.882	-10.6
129	linopirdine	2.882	-10.5
130	irsogladine	2.887	-7.9
131	ATN-161	2.887	-8.6
132	WP921	2.890	-6.4
133	elacytarabine	2.890	-9.3
134	HA-1004	2.890	-8.2
135	GSK2256294A	2.891	-11.0
136	EMD-66684	2.892	-9.5
137	PF-05089771	2.892	-10.7
138	irbesartan	2.894	-10.9
139	nialamide	2.894	-9.0
140	clofarabine	2.897	-7.9
141	cyromazine	2.897	-6.5
142	NSC-3852	2.900	-7.7
143	vipadenant	2.900	-9.6
144	etravirine	2.900	-10.1
145	carboxylosartan	2.901	-9.0
146	TAK-659	2.902	-9.0
147	bromosporine	2.904	-8.5
148	NVP-ADW742	2.905	-11.8
149	dexmedetomidine	2.905	-7.8
150	gaboxadol	2.907	-6.0
151	SU3327	2.909	-6.4
152	ALS-8112	2.909	-7.5
153	arofylline	2.913	-9.0
154	frovatriptan	2.913	-9.0
155	PIK-293	2.915	-9.1
156	PHP-501	2.915	-10.6
157	foropafant	2.915	-8.2
158	AS-703026	2.916	-8.8
159	LY255283	2.917	-8.7
160	RKI-1447	2.918	-9.9
161	avagacestat	2.919	-11.1
162	NU-2058	2.919	-8.5
163	CNQX	2.922	-7.3
164	PHT-427	2.922	-9.0
165	fadrozole	2.923	-8.5
166	tucidinostat	2.924	-10.8
167	CJ-033466	2.925	-9.7
168	GSK163090	2.925	-11.6
169	EB-47	2.926	-12.1
170	zaprinast	2.928	-8.5
171	remodelin	2.928	-9.0
172	AR-C155858	2.929	-7.4
173	alogliptin	2.933	-8.2
174	SR-57227A	2.934	-7.4
175	sulfamerazine	2.935	-8.5
176	NU-6027	2.935	-8.3
177	AMG-487	2.936	-9.9
178	ethynylcytidine	2.936	-7.1
179	TC2559	2.937	-6.4
180	AZ191	2.939	-10.1
181	TC-Mps1-12	2.939	-9.3
182	pramipexole	2.940	-6.8
183	fasudil	2.941	-8.2
184	amezinium	2.942	-7.4
185	indalpine	2.942	-9.0
186	cefamandole	2.945	-9.1
187	tryptophan	2.947	-7.7
188	ripasudil	2.947	-8.5
189	TC-S-7009	2.947	-9.1
190	cefmenoxime	2.948	-7.5
191	fdcyd	2.949	-7.2
192	HSR6071	2.951	-8.8
193	JI-101	2.952	-9.7
194	cytidine	2.952	-6.7
195	GDC-0623	2.954	-8.6
196	MLN2480	2.955	-10.4
197	ruxolitinib	2.957	-8.8
198	PIM-1-Inhibitor-2	2.959	-10.1
199	dextrorotation-nimorazole-phosphate-ester	2.961	-7.3
200	fludarabine	2.963	-7.8
201	AMPA-_S_	2.964	-6.2
202	triapine	2.965	-6.1
203	emorfazone	2.966	-6.8
204	minoxidil	2.966	-7.4
205	VER-155008	2.967	-9.8
206	pyridoxamine	2.969	-5.9
207	serotonin	2.972	-7.1
208	temozolomide	2.972	-7.1
209	decitabine	2.972	-6.8
210	verubecestat	2.978	-10.4
211	verdiperstat	2.979	-7.0
212	veliparib	2.980	-8.5
213	flucytosine	2.980	-5.2
214	protirelin	2.981	-8.1
215	proflavine-hemisulfate	2.981	-8.4
216	immepip	2.982	-6.2
217	BIBX-1382	2.985	-7.5
218	lodenosine	2.988	-7.6
219	sinefungin	2.989	-8.4
220	CL-218872	2.991	-9.7
221	dacarbazine	2.991	-5.8
222	carumonam	2.992	-7.8
223	regadenoson	2.993	-8.0
224	2_-C-methylguanosine	2.996	-7.6
225	naphthoquine-phosphate	2.996	-9.4
226	famciclovir	3.002	-7.5
227	cordycepin	3.003	-7.2
228	cefcapene-pivoxil	3.003	-7.6
229	API-1	3.005	-8.4
230	CV-1808	3.006	-8.7
231	trimetrexate	3.006	-8.4
232	cefamandole-nafate	3.006	-8.6
233	T-0070907	3.008	-8.2
234	hypoxanthine	3.009	-5.5
235	CGP-71683	3.011	-13.3
236	CZC24832	3.011	-9.8
237	adenosine-phosphate	3.014	-7.8
238	repsox	3.014	-9.9
239	ampyrone	3.015	-7.7
240	acadesine	3.016	-6.7
241	benzamil	3.016	-9.8
242	calcium-levofolinate	3.017	-11.1
243	ACTB-1003	3.020	-10.6
244	vidarabine	3.023	-7.0
245	toyocamycin	3.024	-7.7
246	adenosine-triphosphate	3.025	-9.2
247	PF-02545920	3.025	-11.3
248	ethionamide	3.026	-6.1
249	baricitinib	3.027	-8.9
250	riluzole	3.028	-7.6
251	GW-2580	3.028	-10.4
252	2-pyridylethylamine	3.029	-5.3
253	cladribine	3.029	-7.6
254	alpha-methylserotonin	3.032	-7.5
255	methyl-5-hydroxytryptamine	3.032	-7.5
256	muscimol	3.032	-4.6
257	fludarabine-phosphate	3.033	-8.3
258	farampator	3.033	-8.8
259	SB-239063	3.035	-10.3
260	NS-11394	3.036	-10.6
261	TC-A-2317	3.036	-8.9
262	C-1	3.037	-8.2
263	TCS-OX2-29	3.037	-8.4
264	lometrexol	3.037	-11.5
265	N-acetylcarnosine	3.038	-7.4
266	TP-003	3.039	-10.5
267	valsartan	3.039	-8.5
268	EMD-1214063	3.041	-12.3
269	medetomidine	3.045	-7.9
270	thioguanine	3.045	-6.2
271	ademetionine	3.048	-7.8
272	SD-169	3.049	-7.4
273	acyclovir	3.050	-6.5
274	Ro-60-0175	3.052	-7.2
275	rizatriptan	3.052	-8.5
276	picolamine	3.053	-4.8
277	sulfamethoxypyridazine	3.054	-8.3
278	ANR-94	3.054	-6.6
279	SKA-31	3.054	-8.7
280	lamivudine	3.056	-6.4
281	VT-464	3.059	-9.4
282	sulfadiazine	3.065	-8.2
283	cipamfylline	3.065	-8.3
284	nepicastat	3.067	-8.7
285	PRT062070	3.067	-10.0
286	zalcitabine	3.069	-7.0
287	PNU-22394	3.071	-7.9
288	TRIM	3.072	-7.5
289	protionamide	3.074	-6.5
290	apricitabine	3.074	-6.5
291	adenosine	3.075	-7.1
292	CA-4948	3.076	-11.1
293	D-157495	3.077	-10.1
294	didanosine	3.078	-7.4
295	indoximod	3.080	-7.3
296	azaguanine-8	3.080	-6.1
297	TCS-PIM-1-1	3.080	-9.5
298	trabodenoson	3.081	-9.3
299	imetit	3.081	-5.4
300	deazaguanine	3.083	-6.1
301	LDN-209929	3.083	-8.6
302	dequalinium	3.083	-10.9
303	LY2886721	3.085	-10.5
304	methotrexate	3.085	-10.1
305	fimasartan	3.085	-9.2
306	econazole	3.086	-9.9
307	PAT-1251	3.087	-11.9
308	PF-06273340	3.087	-11.1
309	L-quisqualic-acid	3.088	-5.8
310	RWJ-21757	3.088	-8.1
311	EPZ004777	3.088	-10.7
312	famotidine	3.088	-7.6
313	procyclidine	3.089	-7.9
314	tizanidine	3.089	-7.3
315	T-5601640	3.093	-10.8
316	5-carboxamidotryptamine	3.094	-7.4
317	nelotanserin	3.094	-10.1
318	JNJ-64619178	3.098	-11.5
319	voxtalisib	3.100	-8.4
320	oglufanide	3.100	-8.8
321	isoconazole	3.101	-9.1
322	triciribine	3.102	-8.6
323	amthamine	3.102	-5.3
324	nemiralisib	3.102	-11.3
325	BMS-182874	3.102	-9.5
326	cefminox	3.102	-7.3
327	adenine	3.102	-5.5
328	donitriptan	3.103	-10.8
329	RP-001	3.103	-10.0
330	TEPP-46	3.104	-9.6
331	pemetrexed	3.104	-11.3
332	PF-06459988	3.105	-8.5
333	emtricitabine	3.107	-6.7
334	JNJ-678	3.108	-10.0
335	sulfaphenazole	3.109	-9.5
336	CKI-7	3.109	-7.4
337	7-nitroindazole	3.109	-6.7
338	glafenine	3.110	-8.7
339	sulfamonomethoxine	3.110	-8.2
340	homoquinolinic-acid	3.112	-6.6
341	cenobamate	3.115	-7.6
342	bafetinib	3.116	-11.7
343	JNJ-42165279	3.116	-10.7
344	A-674563	3.116	-10.2
345	cevipabulin	3.116	-8.9
346	PD-158780	3.117	-8.7
347	trapidil	3.118	-6.5
348	2-chloroadenosine	3.118	-7.6
349	pifithrin-alpha	3.119	-10.2
350	ASP-6537	3.120	-8.0
351	histamine	3.121	-4.7
352	AZ-628	3.123	-12.1
353	enprofylline	3.123	-6.6
354	ICI-63197	3.124	-7.2
355	alpelisib	3.125	-9.8
356	leteprinim	3.126	-9.4
357	CHR-6494	3.127	-9.1
358	taminadenant	3.128	-7.9
359	dalfampridine	3.130	-4.3
360	UC-112	3.131	-9.8
361	chiniofon	3.134	-7.0
362	MMV-390048	3.135	-9.5
363	atipamezole	3.136	-8.7
364	xanomeline	3.136	-7.7
365	taprenepag	3.136	-9.5
366	JNJ-39758979	3.137	-7.9
367	isoniazid	3.139	-5.7
368	ponatinib	3.139	-11.8
369	NB-001	3.140	-7.2
370	fenticonazole	3.144	-10.4
371	GNF-2	3.144	-11.2
372	SKF-96365	3.144	-8.7
373	cebranopadol	3.145	-9.6
374	GS-9620	3.146	-9.8
375	capadenoson	3.149	-9.3
376	gemcitabine	3.151	-7.5
377	pyrazolanthrone	3.151	-9.4
378	NS-19504	3.151	-7.6
379	LY2109761	3.152	-9.7
380	penciclovir	3.153	-7.1
381	lomeguatrib	3.153	-8.0
382	XL888	3.155	-10.2
383	pyrazinoylguanidine	3.156	-6.0
384	sumanirole	3.157	-7.7
385	BMS-813160	3.158	-7.6
386	CORT-108297	3.158	-9.2
387	iodoquinol	3.158	-6.9
388	CU-T12-9	3.160	-10.1
389	betazole	3.161	-4.5
390	valdecoxib	3.161	-8.7
391	primaquine	3.162	-7.9
392	N-acetyltryptamine	3.163	-8.3
393	PF-04620110	3.164	-10.5
394	APTO-253	3.167	-9.7
395	ronidazole	3.170	-5.8
396	bosutinib	3.170	-8.4
397	evatanepag	3.170	-10.3
398	cefmetazole	3.172	-7.0
399	CW-008	3.173	-11.1
400	asciminib	3.173	-10.9
401	tacrine	3.173	-8.5
402	parecoxib	3.174	-9.3
403	NS-11021	3.176	-10.5
404	LY2874455	3.176	-9.6
405	niceritrol	3.176	-9.0
406	IBC-293	3.177	-7.7
407	anagliptin	3.180	-9.3
408	acitazanolast	3.181	-8.2
409	CC-401	3.181	-10.8
410	T-5224	3.182	-11.2
411	CID-2745687	3.184	-7.7
412	zaltidine	3.185	-7.0
413	azilsartan	3.185	-8.9
414	sulfameter	3.186	-7.8
415	AT-7519	3.186	-8.4
416	losartan	3.187	-8.8
417	tioconazole	3.187	-8.9
418	gefapixant	3.190	-7.3
419	mocetinostat	3.191	-11.4
420	lamotrigine	3.194	-8.1
421	afloqualone	3.195	-9.1
422	TCS-21311	3.195	-9.4
423	UPF-1069	3.196	-10.5
424	cabozantinib	3.196	-11.3
425	HTMT	3.197	-9.5
426	imidazoacridinone	3.197	-8.2
427	GW-788388	3.199	-12.3
428	quipazine	3.202	-8.3
429	BMS-777607	3.202	-10.4
430	ACT-132577	3.205	-8.5
431	L-778123	3.206	-9.9
432	thiazovivin	3.208	-9.3
433	LY2183240	3.211	-10.7
434	nicotine	3.212	-6.5
435	triciribine-phosphate	3.214	-8.9
436	sulphadimethoxine	3.214	-8.4
437	metatinib	3.215	-11.9
438	FN-1501	3.215	-10.8
439	itacitinib	3.216	-11.5
440	L-694247	3.218	-10.1
441	rivanicline	3.218	-6.3
442	SEN-1269	3.218	-10.5
443	IDO5L	3.219	-8.3
444	EPZ-5676	3.220	-11.5
445	CRT0044876	3.221	-7.6
446	R-268712	3.221	-10.4
447	O6-benzylguanine	3.225	-9.1
448	cyanopindolol	3.226	-8.3
449	KG-5	3.227	-11.5
450	etanidazole	3.229	-6.0
451	pyroxamide	3.230	-8.1
452	ZK-93426	3.231	-8.0
453	pleconaril	3.232	-9.2
454	benzydamine	3.233	-9.3
455	adavivint	3.233	-12.1
456	PF-477736	3.234	-10.7
457	EMD-386088	3.234	-8.2
458	ICI-162846	3.234	-8.4
459	nizatidine	3.235	-6.8
460	NS-9283	3.236	-9.2
461	iproniazid	3.236	-6.9
462	dideoxyadenosine	3.237	-7.5
463	LXH254	3.238	-10.5
464	imiquimod	3.238	-8.6
465	duvelisib	3.239	-8.9
466	alpha-methylhistamine-dihydrobromide-_R_-_-_	3.240	-5.0
467	ER-27319	3.240	-8.8
468	CYC116	3.240	-9.9
469	tomelukast	3.241	-8.7
470	PSI-6130	3.241	-7.5
471	WAY-629	3.242	-9.2
472	oxypurinol	3.242	-6.3
473	AZD8835	3.242	-9.8
474	impentamine	3.246	-5.3
475	3-bromo-7-nitroindazole	3.247	-6.9
476	PHA-793887	3.248	-9.6
477	etofibrate	3.248	-9.1
478	niraparib	3.249	-10.8
479	tyrphostin-AG-1478	3.253	-8.5
480	IBMX	3.253	-7.5
481	SGC-0946	3.253	-9.7
482	GSK923295	3.254	-9.7
483	GZD824	3.254	-10.8
484	PF-06282999	3.257	-7.7
485	GSK2881078	3.257	-8.3
486	3-AQC	3.257	-8.3
487	carmoxirole	3.258	-11.0
488	brivanib	3.258	-9.2
489	nimustine	3.259	-7.2
490	GW-843682X	3.259	-10.2
491	ID-8	3.259	-9.0
492	eleclazine	3.260	-10.6
493	proxyfan	3.263	-7.6
494	GF109203X	3.263	-9.7
495	quinpirol-_-_	3.264	-8.2
496	LY364947	3.264	-9.4
497	anpirtoline	3.264	-7.3
498	SD-208	3.265	-9.9
499	cephapirin	3.266	-8.5
500	ipidacrine	3.268	-8.3
501	altinicline	3.269	-7.3
502	BX-912	3.269	-10.2
503	azomycin-_2-nitroimidazole_	3.270	-4.6
504	AMG-319	3.270	-10.2
505	radezolid	3.271	-10.7
506	NM107	3.271	-7.3
507	PD-153035	3.272	-8.5
508	YM-511	3.272	-8.8
509	clioquinol	3.274	-7.1
510	AMPA-_RS_	3.275	-6.2
511	ogerin	3.277	-10.4
512	broxyquinoline	3.277	-7.1
513	nicotinyl-alcohol-tartrate	3.278	-4.8
514	ONO-4059	3.279	-10.1
515	LY2603618	3.285	-8.7
516	AT-9283	3.285	-10.0
517	_5-_4chlorophenyl_-4-ethyl-2_4-dihydro-3H-1_2_4-triazol-3-one_	3.286	-7.8
518	amifampridine	3.289	-4.6
519	pindolol-_-_	3.289	-7.4
520	nelarabine	3.292	-7.1
521	aminophylline	3.293	-6.6
522	SB-772077B	3.298	-8.3
523	PP-2	3.298	-8.8
524	cefozopran	3.299	-8.1
525	aminothiazole	3.300	-3.9
526	MR-948	3.300	-7.6
527	mepacrine	3.300	-8.7
528	DMAB-anabaseine	3.300	-8.5
529	NMS-E973	3.302	-9.5
530	pyridoxal	3.303	-6.1
531	urapidil	3.304	-9.0
532	metronidazole	3.305	-5.1
533	zometapine	3.307	-8.6
534	clobenpropit	3.308	-7.8
535	tivozanib	3.310	-11.0
536	SRC-kinase-inhibitor-I	3.310	-10.0
537	PF-06412562	3.310	-10.6
538	cytochlor	3.310	-7.3
539	sanazole	3.311	-6.1
540	bevenopran	3.311	-9.5
541	MK-8245	3.312	-10.6
542	9-aminoacridine	3.312	-9.2
543	copper-histidine	3.312	-5.4
544	halopemide	3.314	-11.0
545	amiloride	3.317	-7.0
546	GSK256066	3.317	-8.4
547	mercaptopurine	3.317	-5.5
548	kinetin	3.321	-7.9
549	pradefovir	3.322	-10.3
550	zoxazolamine	3.322	-7.0
551	terconazole	3.323	-11.5
552	PF-04217903	3.325	-10.1
553	uric-acid	3.325	-6.5
554	pralidoxime-chloride	3.325	-5.8
555	EED226	3.326	-9.2
556	lemborexant	3.327	-11.6
557	dofequidar	3.327	-11.4
558	amprolium	3.329	-8.6
559	KRN-633	3.329	-9.1
560	ZM-306416	3.332	-8.7
561	AT13148	3.333	-9.0
562	methyl-nicotinate	3.334	-5.5
563	N-alpha-methylhistamine-dihydrochloride	3.336	-4.7
564	N-hydroxynicotinamide	3.336	-5.8
565	SCH-51344	3.336	-7.7
566	RS-127445	3.336	-9.8
567	oxiniacic-acid	3.337	-5.7
568	ABT-202	3.337	-6.4
569	ganciclovir	3.338	-6.8
570	enilconazole	3.339	-7.6
571	BS-181	3.342	-8.8
572	BRL-54443	3.342	-7.9
573	oxiconazole	3.342	-9.8
574	nornicotine	3.342	-6.4
575	AZD1080	3.343	-10.0
576	cis-urocanic-acid	3.344	-5.3
577	_4_5_6_7-tetrabromobenzotriazole_	3.345	-6.3
578	BMS-817378	3.346	-10.7
579	desloratadine	3.346	-10.1
580	IB-MECA	3.347	-9.5
581	chloroquine	3.349	-8.7
582	cotinine	3.349	-7.0
583	valaciclovir	3.350	-8.0
584	entinostat	3.351	-10.5
585	DSM265	3.352	-10.9
586	MK-8033	3.352	-10.1
587	CGP-57380	3.352	-9.1
588	lofemizole	3.352	-7.1
589	LY2795050	3.353	-11.7
590	GSK2606414	3.353	-10.6
591	NSC-5844	3.353	-10.3
592	pralidoxime	3.354	-5.8
593	2-thiouracil	3.354	-4.7
594	CF102	3.354	-9.0
595	AMD11070	3.354	-9.0
596	HEMADO	3.355	-8.4
597	BI-78D3	3.355	-8.6
598	cardionogen-1	3.356	-9.4
599	pyridoxine	3.357	-5.9
600	SCH-202676	3.358	-9.0
601	7-methylxanthine	3.358	-6.4
602	GW-803430	3.359	-10.0
603	CG-400549	3.360	-10.0
604	timolol	3.360	-7.3
605	MDL-27531	3.360	-8.1
606	tinidazole	3.361	-6.7
607	ML324	3.362	-10.0
608	5-iodo-A-85380	3.363	-6.3
609	altretamine	3.364	-6.5
610	SB-747651A	3.364	-9.0
611	huperzine-A	3.367	-9.9
612	niacin	3.367	-5.4
613	cyclocytidine	3.367	-7.4
614	myristyl-nicotinate	3.368	-7.7
615	HER2-Inhibitor-1	3.368	-11.6
616	nitroxoline	3.374	-7.4
617	cimetidine	3.375	-6.8
618	CEP-32496	3.376	-11.5
619	BMS-986205	3.376	-11.9
620	benznidazole	3.377	-8.5
621	azosemide	3.378	-8.2
622	NBQX	3.378	-9.3
623	AZD5438	3.379	-10.0
624	PTC-028	3.386	-12.0
625	3-deazaneplanocin-A	3.386	-7.7
626	aminothiadiazole	3.388	-4.0
627	loreclezole	3.388	-7.9
628	etomidate	3.390	-8.1
629	2-chloropyrazine	3.391	-4.2
630	sildenafil	3.391	-8.8
631	imidafenacin	3.392	-9.4
632	S1P1-agonist-III	3.393	-10.0
633	chloroxoquinoline	3.394	-7.7
634	ML130	3.398	-10.1
635	theobromine	3.401	-6.7
636	pelrinone	3.402	-8.3
637	PF-562271	3.403	-11.1
638	MK-2461	3.404	-9.7
639	fiacitabine	3.407	-7.4
640	preladenant	3.409	-10.5
641	SMER-28	3.410	-7.6
642	dimetridazole	3.412	-5.2
643	PP-1	3.413	-8.9
644	arbidol	3.413	-6.7
645	GTS21	3.413	-9.3
646	GW-4064	3.413	-10.5
647	LGK-974	3.416	-10.6
648	TTP-22	3.416	-7.9
649	isaxonine	3.416	-5.5
650	OXA-06	3.416	-10.3
651	GPP-78	3.417	-11.2
652	pexidartinib	3.418	-11.1
653	6-benzylaminopurine	3.418	-9.2
654	polaprezinc	3.418	-7.7
655	ibrutinib	3.419	-9.8
656	thiamine-pyrophosphate	3.420	-9.2
657	NDD-094	3.422	-6.8
658	ethacridine-lactate-monohydrate	3.425	-8.5
659	metyrapone	3.425	-8.3
660	LY2811376	3.426	-9.6
661	pimodivir	3.428	-10.3
662	CPI-203	3.429	-7.2
663	verucerfont	3.429	-9.3
664	acetazolamide	3.431	-6.6
665	linsidomine	3.431	-5.8
666	RX-3117	3.431	-7.3
667	5-fluoro-3-pyridyl-methanol	3.432	-5.2
668	fomepizole	3.432	-3.9
669	abemaciclib	3.433	-11.0
670	immethridine	3.436	-6.4
671	nitenpyram	3.436	-7.4
672	monosodium-alpha-luminol	3.437	-7.5
673	NSC-663284	3.440	-8.4
674	zoliflodacin	3.441	-6.8
675	GSK2656157	3.442	-8.4
676	BMS-387032	3.443	-9.2
677	CBiPES	3.445	-10.1
678	tucatinib	3.445	-11.8
679	OSI-930	3.446	-10.9
680	GSK369796	3.447	-10.4
681	ocinaplon	3.448	-9.9
682	hydroxychloroquine	3.449	-8.7
683	sorafenib	3.449	-11.6
684	lifirafenib	3.449	-13.2
685	BMS-470539	3.449	-9.4
686	AV-412	3.450	-10.3
687	niridazole	3.451	-6.3
688	nimorazole	3.452	-6.4
689	MPI-0479605	3.452	-11.1
690	CP-93129	3.453	-7.7
691	florifenine	3.453	-9.9
692	macozinone	3.454	-9.9
693	cloxyquin	3.455	-7.5
694	mepiroxol	3.456	-5.4
695	talipexole	3.457	-6.7
696	CGP-78608	3.458	-8.3
697	olaparib	3.458	-11.0
698	A-1070722	3.458	-10.1
699	AZD2461	3.459	-13.1
700	rosiglitazone	3.460	-10.3
701	VU591	3.460	-9.7
702	eniluracil	3.460	-5.9
703	ranirestat	3.461	-10.9
704	doxofylline	3.462	-7.6
705	CP-673451	3.462	-8.7
706	imidacloprid	3.464	-7.8
707	ZK-93423	3.464	-9.9
708	AQ-13	3.464	-8.4
709	BW-723C86	3.467	-8.3
710	JW-74	3.467	-10.7
711	delgocitinib	3.468	-8.3
712	PIM-447	3.468	-9.7
713	CGS-15943	3.469	-8.8
714	MNITMT	3.470	-6.8
715	gepotidacin	3.471	-11.7
716	adefovir	3.471	-6.7
717	alpha-methylhistamine-dihydrobromide-_S_-___	3.472	-4.9
718	AZ3146	3.473	-9.8
719	mofezolac	3.478	-9.0
720	etofylline	3.480	-6.6
721	FPL-64176	3.482	-9.7
722	NVP-TAE684	3.483	-11.5
723	BW-348U87	3.483	-8.8
724	medorinone	3.483	-7.3
725	RU-42173	3.483	-8.3
726	methimazole	3.483	-3.9
727	JNJ-27141491	3.485	-9.2
728	favipiravir	3.485	-6.1
729	CCT196969	3.485	-11.5
730	NVP-AEW541	3.486	-12.0
731	IOX1	3.489	-7.5
732	chloroxine	3.489	-7.4
733	paraxanthine	3.489	-6.5
734	enoximone	3.490	-7.8
735	AZ-10606120	3.491	-9.5
736	triamterene	3.491	-8.6
737	verubulin	3.491	-9.4
738	VE-822	3.491	-8.8
739	EF5	3.491	-8.0
740	gimeracil	3.492	-5.3
741	brivanib-alaninate	3.493	-9.5
742	dazmegrel	3.493	-8.4
743	GSK9027	3.494	-11.8
744	GDC-0068	3.495	-8.5
745	GSK2194069	3.495	-11.8
746	droperidol	3.495	-10.9
747	PP-121	3.496	-10.1
748	AZ-7371	3.496	-8.8
749	naratriptan	3.497	-9.7
750	amodiaquine	3.497	-9.7
751	tyrphostin-AG-825	3.498	-9.7
752	indole-3-carbinol	3.499	-6.7
753	caffeine	3.499	-6.6
754	esomeprazole	3.500	-9.0
755	omeprazole	3.500	-9.0
756	BIIB021	3.501	-8.5
757	DSR-6434	3.504	-9.0
758	forodesine	3.505	-7.5
759	osilodrostat	3.509	-8.2
760	nifekalant	3.509	-9.2
761	chlorzoxazone	3.510	-6.7
762	metafolin	3.510	-9.9
763	SAR407899	3.511	-9.0
764	CH-170	3.513	-8.2
765	F-16915	3.513	-9.8
766	cefetamet	3.515	-7.5
767	BMS-833923	3.515	-12.6
768	zindotrine	3.516	-8.0
769	ODQ	3.517	-8.3
770	masitinib	3.517	-11.5
771	edoxudine	3.519	-7.3
772	vardenafil	3.519	-8.5
773	TC-G-1005	3.520	-9.4
774	5-fluoropyrimidine	3.522	-4.1
775	zeatin	3.524	-7.4
776	PF-04457845	3.525	-12.1
777	vilazodone	3.527	-11.2
778	cefodizime	3.527	-6.9
779	thiamine	3.528	-7.7
780	linifanib	3.529	-11.9
781	cilofexor	3.529	-11.8
782	fexinidazole	3.530	-7.9
783	acefylline	3.530	-6.9
784	fursultiamine	3.530	-8.2
785	guanosine	3.531	-7.3
786	piperaquine-phosphate	3.531	-12.0
787	zoniporide	3.532	-10.0
788	spautin-1	3.534	-10.7
789	Y-39983	3.534	-9.2
790	AS-1269574	3.534	-7.9
791	sulfadoxine	3.536	-8.0
792	propentofylline	3.536	-7.9
793	SR-1664	3.536	-10.5
794	crenolanib	3.536	-10.0
795	SGI-1027	3.536	-14.2
796	pentoxifylline	3.537	-7.8
797	proacipimox	3.538	-5.6
798	tirasemtiv	3.539	-7.2
799	diaveridine	3.540	-8.2
800	nithiamide	3.540	-6.2
801	isbufylline	3.541	-7.3
802	macitentan	3.541	-8.1
803	mirabegron	3.542	-9.7
804	tirapazamine	3.542	-7.8
805	talmapimod	3.544	-7.8
806	GR46611	3.544	-10.0
807	_trans-4-_8-_3-fluorophenyl_-1_7-naphthyridin-6-yl_cyclohexanecarboxylic-acid_	3.544	-11.9
808	CFM-1571	3.545	-9.4
809	BAX-channel-blocker	3.546	-8.9
810	CDK1-5-inhibitor	3.549	-7.7
811	freselestat	3.550	-9.6
812	cefetamet-pivoxil	3.550	-7.5
813	PF-04447943	3.553	-10.8
814	troclosene	3.553	-6.3
815	vicriviroc	3.554	-8.8
816	CFI-402257	3.555	-10.2
817	mecarbinate	3.556	-8.0
818	zebularine	3.556	-6.5
819	VER-49009	3.557	-8.5
820	5-FP	3.561	-4.8
821	PF-06260414	3.562	-8.7
822	PRX-08066	3.562	-10.0
823	TAK-593	3.562	-11.3
824	ZLN024	3.565	-7.7
825	PLX647	3.565	-11.5
826	JNJ-38877618	3.566	-10.9
827	VUF10166	3.567	-8.8
828	nicotinamide	3.569	-5.4
829	domperidone	3.570	-11.2
830	tivantinib	3.570	-10.1
831	basmisanil	3.571	-12.0
832	phortress	3.571	-9.6
833	apafant	3.571	-9.4
834	etofylline-clofibrate	3.573	-9.6
835	A-887826	3.573	-10.6
836	RS-504393	3.573	-11.8
837	FR-139317	3.574	-10.2
838	BMS-986195	3.575	-8.5
839	CJ-13610	3.576	-10.1
840	SKLB1002	3.576	-7.5
841	nuvenzepine	3.577	-11.4
842	necrostatin-2	3.577	-8.8
843	N-cyclohexyl-2-benzothiazolesulfenamide	3.578	-8.9
844	WEHI-345-analog	3.579	-10.7
845	selinexor	3.579	-11.0
846	GSK2239633A	3.581	-10.2
847	PCI-29732	3.582	-11.2
848	JTE-013	3.586	-9.8
849	TRAM-34	3.586	-8.9
850	3PO	3.587	-8.2
851	lapatinib	3.588	-10.9
852	acalisib	3.588	-10.3
853	quinolinic-acid	3.589	-6.3
854	procaterol	3.592	-8.8
855	SB-203186	3.592	-9.2
856	avitinib	3.592	-11.7
857	E7449	3.593	-10.8
858	TA-01	3.595	-9.5
859	iodophenpropit	3.595	-8.1
860	SPP86	3.595	-8.8
861	hydroxyfasudil	3.596	-9.0
862	DBeQ	3.596	-11.4
863	carmoterol	3.598	-10.0
864	glipizide	3.598	-11.8
865	disopyramide	3.599	-8.4
866	PP242	3.601	-9.2
867	obidoxime	3.602	-7.9
868	RG108	3.603	-10.0
869	CYT-997	3.603	-9.3
870	PLX4720	3.603	-10.1
871	SBI-115	3.604	-8.9
872	VP-20629	3.605	-7.7
873	uracil	3.608	-4.8
874	N-_2-chlorophenyl_-2-___2E_-2-_1-_2-pyridinyl_ethylidene_hydrazino_carbothioyl_hydrazinecarbothioamide	3.610	-8.8
875	4-HQN	3.612	-7.2
876	lotamilast	3.612	-10.9
877	idoxuridine	3.613	-7.0
878	CK-636	3.615	-9.8
879	T-025	3.615	-9.9
880	YM-244769	3.616	-11.8
881	PF-06650833	3.619	-9.2
882	suritozole	3.620	-7.5
883	MI-14	3.622	-10.2
884	padsevonil	3.623	-9.6
885	Ro-08-2750	3.623	-8.5
886	tropisetron	3.624	-9.7
887	PF-06305591	3.629	-9.0
888	OSI-027	3.630	-9.2
889	proxodolol	3.632	-8.4
890	PK-44	3.633	-11.0
891	ethimizol	3.633	-6.2
892	AMG-208	3.635	-11.5
893	acipimox	3.635	-5.9
894	mesulergine	3.637	-7.8
895	trimethoprim	3.638	-8.2
896	TH-302	3.638	-6.8
897	milrinone	3.639	-7.2
898	verdinexor	3.640	-11.2
899	melatonin	3.644	-7.9
900	picolinic-acid	3.644	-5.4
901	ryuvidine	3.646	-9.3
902	SB-742457	3.647	-10.0
903	GSK2126458	3.648	-9.0
904	sulfasalazine	3.649	-10.2
905	PF-4191834	3.651	-10.4
906	tinazoline	3.653	-7.8
907	TG-100713	3.653	-8.8
908	5-fluorouracil	3.654	-5.2
909	dinaciclib	3.654	-8.2
910	GW-583340	3.654	-10.5
911	zimelidine	3.656	-7.9
912	ciproxifan	3.660	-8.3
913	indoramin	3.661	-11.1
914	CCT245737	3.661	-9.5
915	riboflavin	3.661	-8.4
916	FIPI	3.662	-11.9
917	torasemide	3.662	-9.4
918	moxonidine	3.662	-6.8
919	N6-methyladenosine	3.662	-7.5
920	YIL-781	3.663	-11.5
921	licostinel	3.665	-7.8
922	indacaterol	3.665	-11.2
923	BLZ945	3.665	-11.1
924	ethoxzolamide	3.666	-7.4
925	LY225910	3.666	-10.0
926	ozagrel	3.667	-8.1
927	ME-0328	3.670	-10.6
928	FGIN-1-27	3.670	-8.4
929	SAR131675	3.670	-9.0
930	BMS-806	3.671	-8.8
931	symclosene	3.671	-6.5
932	cefotaxime	3.672	-7.8
933	pilocarpine	3.672	-6.7
934	3-indolebutyric-acid	3.672	-7.9
935	MS-424	3.672	-7.3
936	sulconazole	3.673	-9.8
937	oxyquinoline	3.673	-7.2
938	4EGI-1	3.674	-9.9
939	Ro-10-5824	3.674	-10.1
940	A205804	3.674	-9.2
941	TAK-733	3.676	-8.6
942	ramifenazone	3.676	-8.4
943	tenofovir	3.677	-7.3
944	deferiprone	3.680	-5.9
945	SNS-314	3.680	-10.3
946	GSK3326595	3.681	-11.5
947	amuvatinib	3.681	-11.1
948	PPY-A	3.681	-10.4
949	chidamide	3.682	-10.8
950	VUF10460	3.682	-8.9
951	CHIR-124	3.683	-9.4
952	idalopirdine	3.683	-10.6
953	GR-127935	3.683	-12.0
954	harmane	3.684	-8.6
955	amrinone	3.685	-7.3
956	OICR-9429	3.686	-8.3
957	tioguanine	3.687	-7.4
958	carboxyamidotriazole	3.687	-11.4
959	edaravone	3.687	-8.0
960	cetilistat	3.688	-8.5
961	acrivastine	3.689	-10.8
962	pyrazoloacridine	3.690	-8.2
963	1-EBIO	3.691	-6.9
964	GSK269962	3.691	-11.2
965	paquinimod	3.692	-8.2
966	ML167	3.692	-10.6
967	Ro-48-6791	3.692	-9.7
968	dabigatran	3.692	-10.3
969	TWS-119	3.693	-10.1
970	broxuridine	3.693	-7.0
971	A-804598	3.693	-9.2
972	cipargamin	3.694	-10.0
973	vapendavir	3.694	-10.2
974	2-methylimidazole	3.695	-3.8
975	phenazone	3.695	-7.4
976	sulfapyridine	3.696	-8.2
977	ICI-169369	3.696	-9.1
978	YM-298198	3.697	-10.0
979	DCEBIO	3.697	-7.3
980	ML347	3.699	-11.3
981	PF-4800567	3.700	-9.4
982	trigonelline	3.700	-5.8
983	piconol	3.701	-4.9
984	adefovir-dipivoxil	3.701	-8.4
985	GR125487	3.701	-10.1
986	GR-159897	3.703	-10.6
987	sulfachlorpyridazine	3.703	-8.2
988	MMPX	3.706	-7.2
989	sofosbuvir-impurity-m	3.707	-9.3
990	BMS-345541	3.707	-8.2
991	dimethisoquin	3.707	-8.4
992	todralazine	3.708	-8.7
993	lusaperidone	3.709	-12.1
994	linsitinib	3.710	-11.5
995	_3_3_-diindolylmethane_	3.711	-10.3
996	ceftizoxim	3.711	-8.2
997	JNJ-26481585	3.713	-11.9
998	dynole-34-2	3.714	-8.7
999	sofosbuvir	3.715	-9.5
1000	panobinostat	3.717	-12.1
1001	pirquinozol	3.718	-7.8
1002	bopindolol	3.720	-9.8
1003	ambrisentan	3.721	-9.4
1004	VL285	3.721	-10.5
1005	BI-409306	3.722	-9.3
1006	CP-316819	3.724	-10.1
1007	PCI-34051	3.724	-9.5
1008	trilaciclib	3.725	-7.6
1009	dacinostat	3.726	-11.0
1010	nicorandil	3.726	-6.5
1011	PCI-27483	3.726	-8.9
1012	AMG900	3.728	-11.5
1013	betahistine	3.728	-5.5
1014	CXD101	3.729	-11.7
1015	PD-168393	3.730	-9.5
1016	UNC2327	3.730	-9.2
1017	4-methylhistamine	3.730	-4.8
1018	entecavir	3.731	-7.9
1019	AEE788	3.732	-11.7
1020	GR-113808	3.732	-10.3
1021	prinomastat	3.732	-10.5
1022	LPA2-antagonist-1	3.733	-10.8
1023	plinabulin	3.733	-9.5
1024	CP-91149	3.736	-10.3
1025	PF-4708671	3.736	-10.2
1026	sulfafurazole	3.739	-8.2
1027	CCMI	3.741	-9.3
1028	PF-05180999	3.742	-9.3
1029	Y-27632	3.743	-8.4
1030	Ro-15-4513	3.745	-9.1
1031	clomethiazole	3.745	-4.9
1032	STF-118804	3.745	-11.8
1033	GW-441756	3.746	-9.7
1034	BU-239	3.747	-7.6
1035	UK-383367	3.749	-9.2
1036	DR-2313	3.750	-6.7
1037	L-745870	3.750	-10.4
1038	cefixime	3.751	-7.6
1039	GSK356278	3.752	-9.7
1040	GSK2636771	3.754	-8.7
1041	molindone	3.755	-8.8
1042	idelalisib	3.755	-10.1
1043	pentostatin	3.756	-7.4
1044	CYM-5541	3.756	-9.8
1045	taselisib	3.756	-10.2
1046	ramosetron	3.757	-10.6
1047	NSI-189	3.757	-10.5
1048	AZD5363	3.758	-9.6
1049	necrostatin-1	3.758	-8.8
1050	6-chloromelatonin	3.758	-7.8
1051	luzindole	3.759	-10.8
1052	MLN0128	3.759	-9.0
1053	vercirnon	3.760	-11.0
1054	1-azakenpaullone	3.761	-10.5
1055	AZD1981	3.762	-8.2
1056	piroctone-olamine	3.764	-8.2
1057	KHS-101	3.765	-9.3
1058	HC-030031	3.765	-9.8
1059	PIK-93	3.766	-8.5
1060	AT7867	3.766	-9.3
1061	BAY-41-2272	3.766	-10.5
1062	Ro-28-1675	3.770	-8.8
1063	varespladib	3.771	-8.0
1064	RU-24969	3.772	-8.0
1065	CP-94253	3.772	-8.3
1066	NQDI-1	3.774	-8.5
1067	2-methyl-5-hydroxytryptamine	3.778	-7.4
1068	trovirdine	3.778	-8.0
1069	NVP-HSP990	3.778	-9.4
1070	NU-1025	3.779	-7.8
1071	mimosine	3.779	-6.2
1072	grapiprant	3.779	-11.6
1073	lisuride	3.781	-9.7
1074	NVP-TAE226	3.782	-10.2
1075	BYK-204165	3.782	-9.2
1076	ITE	3.782	-8.8
1077	ibiglustat	3.784	-11.1
1078	SB-334867	3.785	-9.7
1079	PF-05212384	3.786	-9.3
1080	SBE-13	3.786	-9.7
1081	morniflumate	3.786	-9.6
1082	TC-S-7005	3.787	-10.7
1083	tandutinib	3.787	-10.6
1084	WZ811	3.789	-9.4
1085	minaprine	3.790	-9.4
1086	DIPT	3.791	-8.9
1087	BML-284	3.791	-10.6
1088	LY215490	3.793	-9.2
1089	triprolidine	3.793	-9.7
1090	DMH1	3.795	-11.7
1091	fantofarone	3.796	-10.4
1092	CGS-20625	3.797	-10.3
1093	clevudine	3.797	-7.4
1094	MK-1903	3.799	-7.0
1095	carmofur	3.801	-7.9
1096	chlormidazole	3.804	-10.2
1097	H-151	3.805	-10.1
1098	tasuldine	3.805	-7.1
1099	sulfametopyrazine	3.805	-7.8
1100	CI-844	3.806	-7.5
1101	MSX-122	3.806	-9.6
1102	TMC-353121	3.807	-10.1
1103	parsaclisib	3.807	-8.7
1104	gramine	3.808	-7.2
1105	pheniramine	3.809	-8.2
1106	puromycin	3.810	-9.3
1107	PQ-401	3.811	-8.7
1108	sapropterin	3.811	-7.4
1109	S-3304	3.813	-11.3
1110	pretomanid	3.814	-9.4
1111	IRL-2500	3.815	-10.4
1112	etizolam	3.815	-9.5
1113	JK-184	3.815	-9.7
1114	alosetron	3.815	-9.3
1115	actinoquinol	3.817	-7.8
1116	dolasetron	3.825	-10.5
1117	methapyrilene	3.827	-7.2
1118	YM-298198-desmethyl	3.828	-9.6
1119	picotamide	3.828	-10.0
1120	risperidone	3.830	-11.7
1121	nicergoline	3.830	-9.0
1122	kynurenic-acid	3.831	-8.0
1123	procodazole	3.832	-7.5
1124	TAK-285	3.832	-10.7
1125	indole-3-pyrubate	3.834	-7.6
1126	folic-acid	3.834	-10.8
1127	telotristat	3.835	-10.5
1128	methylthiouracil	3.835	-5.5
1129	AZD2858	3.836	-11.2
1130	STA-5326	3.836	-10.6
1131	inosine	3.836	-7.4
1132	galidesivir	3.837	-7.1
1133	dexchlorpheniramine	3.837	-8.5
1134	CP-547632	3.838	-9.7
1135	BMS-690514	3.839	-8.8
1136	GMX1778	3.839	-9.1
1137	ilomastat	3.840	-9.1
1138	GW-1100	3.841	-9.3
1139	GS-9973	3.841	-9.3
1140	omeprazole-sulfide	3.842	-8.8
1141	cilostamide	3.843	-10.4
1142	olmesartan-medoxomil	3.844	-8.4
1143	BAY-61-3606	3.848	-8.0
1144	nikethamide	3.848	-6.5
1145	ftorafur	3.851	-7.0
1146	fanetizole	3.853	-9.4
1147	LY311727	3.853	-10.0
1148	serdemetan	3.855	-10.7
1149	CGP-60474	3.856	-9.5
1150	flibanserin	3.857	-10.7
1151	LY334370	3.859	-9.9
1152	pardoprunox	3.859	-7.9
1153	GKT137831	3.861	-8.2
1154	dimethindene-_S_-___	3.862	-9.7
1155	BCI-540	3.862	-9.1
1156	telatinib	3.864	-10.6
1157	thonzonium	3.864	-9.4
1158	tenatoprazole	3.864	-9.0
1159	nilotinib	3.867	-11.4
1160	purvalanol-B	3.869	-8.5
1161	pikamilone	3.869	-6.7
1162	BRD7389	3.869	-10.6
1163	SR-3677	3.869	-10.3
1164	PIK-294	3.870	-9.4
1165	carsalam	3.871	-7.6
1166	SDZ-WAG-994	3.872	-8.5
1167	tradipitant	3.872	-8.4
1168	_hydroxytacrine-maleate-_R_S__	3.873	-8.4
1169	gavestinel	3.874	-9.9
1170	PF-670462	3.877	-10.6
1171	benzo_d_thiazole-2_3H_-thione	3.878	-6.3
1172	LDN193189	3.878	-12.3
1173	GANT-61	3.878	-7.5
1174	centazolone	3.880	-8.8
1175	pirlindole	3.881	-9.3
1176	bamaquimast	3.882	-8.6
1177	R306465	3.883	-12.1
1178	ESI-09	3.883	-9.4
1179	VS-4718	3.883	-11.5
1180	quizartinib	3.884	-11.7
1181	chlorphenamine	3.884	-8.5
1182	Ro-5126766	3.884	-11.4
1183	olomoucine	3.885	-9.0
1184	chuanxiongzine	3.885	-6.1
1185	toceranib	3.886	-10.8
1186	lasmiditan	3.887	-11.1
1187	chloropyramine	3.887	-8.7
1188	bisacodyl	3.887	-9.7
1189	ZM-447439	3.888	-10.5
1190	metamizole	3.888	-8.4
1191	AZD7594	3.889	-11.7
1192	selonsertib	3.889	-11.3
1193	PRT062607	3.889	-9.0
1194	tipiracil	3.891	-8.0
1195	oxiperomide	3.892	-10.3
1196	sulfisoxazole-acetyl	3.894	-8.8
1197	telbivudine	3.895	-7.1
1198	CPI-169	3.897	-9.1
1199	GSK1059615	3.897	-9.5
1200	BU226	3.899	-8.1
1201	THZ1-R	3.900	-11.0
1202	telotristat-ethyl	3.901	-10.2
1203	allopurinol-riboside	3.901	-7.1
1204	propylthiouracil	3.901	-6.2
1205	brompheniramine	3.902	-8.1
1206	L-701252	3.903	-8.5
1207	CC4	3.904	-11.8
1208	GS-967	3.904	-10.3
1209	RGFP966	3.904	-10.9
1210	zolmitriptan	3.906	-9.0
1211	pravadoline	3.906	-10.4
1212	modaline	3.906	-7.1
1213	pantoprazole	3.906	-9.1
1214	pazopanib	3.907	-11.3
1215	defactinib	3.907	-11.0
1216	teneligliptin	3.908	-10.0
1217	laquinimod	3.909	-8.8
1218	rucaparib	3.910	-10.0
1219	TCN238	3.910	-8.2
1220	flupirtine	3.911	-9.2
1221	INC-280	3.911	-10.4
1222	efatutazone	3.913	-12.0
1223	CGP-12177	3.913	-8.3
1224	iloperidone	3.915	-10.8
1225	VU0155069	3.915	-12.7
1226	N-oxydiethylenebenzothiazole-2-sulfenamide	3.915	-7.8
1227	CDK9-IN-6	3.915	-10.2
1228	2-iodomelatonin	3.916	-7.7
1229	SANT-1	3.917	-10.7
1230	PF-06928215	3.918	-10.0
1231	I-BET151	3.919	-6.5
1232	radotinib	3.924	-10.7
1233	PF-915275	3.924	-10.0
1234	AZD5153	3.925	-11.7
1235	carbadox	3.926	-7.9
1236	temanogrel	3.927	-10.5
1237	benperidol	3.928	-10.8
1238	trazodone	3.929	-10.0
1239	carbimazole	3.929	-6.0
1240	WHI-P154	3.930	-8.4
1241	ondansetron	3.931	-9.4
1242	ceftriaxone	3.932	-7.8
1243	etoricoxib	3.932	-8.3
1244	ibudilast	3.933	-8.6
1245	succinylsulfathiazole	3.933	-8.9
1246	nifenazone	3.934	-10.2
1247	NS-018	3.935	-10.5
1248	oxonic-acid	3.935	-5.8
1249	gefitinib	3.935	-8.7
1250	zilpaterol	3.935	-8.1
1251	talazoparib	3.936	-9.4
1252	AZD3463	3.937	-10.4
1253	vonoprazan	3.938	-9.3
1254	MDL-29951	3.940	-8.4
1255	almotriptan	3.940	-8.9
1256	GW-438014A	3.940	-10.7
1257	PBT-1033	3.943	-7.3
1258	PF-06447475	3.946	-8.5
1259	LY3009120	3.946	-9.4
1260	caroverin	3.947	-10.5
1261	benfotiamine	3.948	-9.3
1262	XL647	3.949	-11.2
1263	vandetanib	3.950	-10.2
1264	sulfatinib	3.951	-10.6
1265	SR-3306	3.952	-13.2
1266	NECA	3.953	-7.8
1267	palosuran	3.953	-11.1
1268	pozanicline	3.954	-7.1
1269	ripazepam	3.955	-9.2
1270	mepyramine	3.956	-8.2
1271	pyritinol	3.956	-7.8
1272	RLX	3.956	-9.2
1273	MK-0812	3.958	-8.7
1274	SUN-B-8155	3.958	-8.1
1275	carvedilol	3.958	-9.3
1276	YM-976	3.959	-9.5
1277	CGS-9896	3.960	-10.2
1278	halofuginone	3.961	-9.1
1279	mdivi-1	3.961	-8.4
1280	PD-166285	3.961	-10.2
1281	DMH4	3.963	-10.9
1282	AS-2444697	3.965	-10.3
1283	AZ5104	3.966	-8.3
1284	CYM-5442	3.966	-9.1
1285	kenpaullone	3.967	-11.0
1286	LY344864	3.967	-10.8
1287	clopidol	3.967	-6.6
1288	BIA-10-2474	3.968	-9.8
1289	sitagliptin	3.968	-10.4
1290	solcitinib	3.970	-10.3
1291	cefalonium	3.970	-9.2
1292	PTC-209	3.971	-7.6
1293	sumatriptan	3.971	-8.0
1294	HLCL-61	3.971	-9.5
1295	macitentan-n-butyl-analogue	3.972	-8.4
1296	NVP-BVU972	3.973	-10.4
1297	doxylamine	3.974	-8.3
1298	chlorazanil	3.978	-7.7
1299	ceftobiprole	3.978	-8.9
1300	SB-408124	3.979	-10.3
1301	ZD-7288	3.982	-8.1
1302	NVP-TNKS656	3.983	-10.9
1303	NVP-BHG712	3.984	-12.8
1304	nizofenone	3.985	-8.3
1305	lorediplon	3.987	-10.8
1306	cediranib	3.988	-9.8
1307	LY2452473	3.988	-9.1
1308	SGX523	3.991	-10.8
1309	orotic-acid	3.992	-6.1
1310	KX2-391	3.993	-11.2
1311	GLPG1837	3.994	-8.2
1312	LMI070	3.994	-12.2
1313	amsacrine	3.996	-11.5
1314	R-1487	3.996	-9.6
1315	LDN-212854	3.998	-12.0
1316	4-iodo-6-phenylpyrimidine	3.998	-7.6
1317	dabrafenib	4.001	-10.2
1318	flumatinib	4.003	-10.9
1319	raltegravir	4.004	-10.2
1320	O-304	4.005	-10.0
1321	stemregenin-1	4.005	-9.6
1322	AG-14361	4.005	-10.1
1323	pelanserin	4.006	-10.3
1324	tolimidone	4.007	-8.0
1325	PF-05175157	4.014	-11.1
1326	altanserin	4.015	-11.7
1327	JIB04	4.015	-10.6
1328	AZD7986	4.016	-11.0
1329	NNC-55-0396	4.017	-10.8
1330	sulfamethizole	4.018	-8.1
1331	mubritinib	4.019	-10.7
1332	BFH772	4.020	-10.8
1333	beta-CCB	4.020	-8.7
1334	AZD1480	4.021	-9.1
1335	SPP301	4.022	-8.1
1336	bupicomide	4.022	-7.2
1337	CHIR-99021	4.022	-10.1
1338	walrycin-B	4.022	-10.0
1339	EVP4593	4.023	-10.9
1340	lurasidone	4.023	-10.2
1341	cytisine	4.024	-7.7
1342	emedastine	4.027	-8.4
1343	fezolinetant	4.028	-11.2
1344	AM-630	4.029	-9.1
1345	JNJ-7777120	4.029	-8.4
1346	pirenzepine	4.031	-9.0
1347	SR-2640	4.034	-11.2
1348	CYM-50260	4.034	-8.1
1349	TC-ASK-10	4.037	-10.5
1350	GR-79236	4.039	-8.7
1351	cot-inhibitor-2	4.040	-9.9
1352	carbinoxamine	4.040	-8.0
1353	uridine-triacetate	4.041	-8.4
1354	gabazine	4.042	-8.3
1355	acriflavinium	4.045	-8.6
1356	clemizole	4.045	-11.0
1357	pirinixic-acid	4.046	-8.7
1358	poziotinib	4.046	-9.3
1359	PHA-767491	4.047	-8.8
1360	minodronic-acid	4.050	-7.4
1361	FG-7142	4.050	-8.4
1362	octenidine	4.051	-9.1
1363	SR-33805	4.053	-10.1
1364	filgotinib	4.054	-9.9
1365	lazertinib	4.055	-9.7
1366	purvalanol-A	4.056	-8.5
1367	napirimus	4.059	-10.3
1368	brimonidine	4.059	-7.6
1369	moxaverine	4.062	-8.4
1370	UNC669	4.063	-8.6
1371	nalidixic-acid	4.064	-8.0
1372	CY208-243	4.065	-9.4
1373	ACY-1215	4.066	-9.2
1374	ampalex	4.068	-8.6
1375	GTP-14564	4.068	-10.1
1376	peposertib	4.069	-10.1
1377	Y-320	4.069	-11.7
1378	amtolmetin-guacil	4.069	-10.4
1379	BX-795	4.070	-10.6
1380	WAY-208466	4.071	-9.5
1381	SB-216641	4.071	-11.2
1382	IU1	4.072	-9.3
1383	PF-04937319	4.072	-10.2
1384	roquinimex	4.073	-9.9
1385	sunitinib	4.074	-9.8
1386	TG-100572	4.076	-11.2
1387	mivebresib	4.076	-9.4
1388	ETC-159	4.079	-10.3
1389	oxatomide	4.079	-10.6
1390	BMS-582949	4.082	-8.7
1391	THZ1	4.082	-11.8
1392	OSI-420	4.083	-7.9
1393	GK921	4.085	-9.1
1394	AZD8330	4.087	-8.2
1395	clonixin	4.087	-8.6
1396	roscovitine	4.091	-8.7
1397	TBA-354	4.092	-11.0
1398	trifluridine	4.092	-8.2
1399	etazolate	4.093	-7.8
1400	LY2857785	4.093	-10.5
1401	enisamium-iodide	4.093	-9.2
1402	Lu-AA-47070	4.093	-9.3
1403	ABT-751	4.094	-9.9
1404	anlotinib	4.095	-10.3
1405	TC-S-7004	4.096	-11.7
1406	F-11440	4.096	-9.1
1407	PF-431396	4.097	-11.6
1408	L-161982	4.097	-7.0
1409	JPH203	4.098	-10.2
1410	piboserod	4.098	-10.5
1411	SB-206553	4.100	-9.8
1412	APY-29	4.102	-10.5
1413	AVL-292	4.103	-8.5
1414	ribavirin	4.106	-6.6
1415	tafenoquine	4.106	-8.1
1416	stavudine	4.107	-7.5
1417	nevirapine	4.107	-9.0
1418	LY3295668	4.110	-10.3
1419	zolantidine	4.110	-10.2
1420	ketanserin	4.115	-11.9
1421	flosequinan	4.115	-7.6
1422	nemorexant	4.116	-7.7
1423	CPI-0610	4.118	-9.1
1424	4-hydroxy-phenazone	4.119	-7.7
1425	isamoltane	4.122	-8.2
1426	fedratinib	4.122	-10.1
1427	SEP-227900	4.123	-6.0
1428	Nampt-IN-1	4.124	-9.6
1429	riociguat	4.124	-9.3
1430	SB-939	4.124	-9.0
1431	moxifloxacin	4.126	-8.2
1432	JNJ-47965567	4.128	-11.0
1433	zibotentan	4.128	-8.6
1434	L-ergothioneine	4.131	-6.1
1435	detomidine	4.135	-7.8
1436	ORG-26576	4.138	-8.1
1437	proquazone	4.141	-10.2
1438	guadecitabine	4.141	-11.5
1439	mestinon	4.141	-6.2
1440	LY456236	4.141	-8.6
1441	TG-100801	4.143	-10.2
1442	cinchocaine	4.145	-8.5
1443	AMD-3465	4.146	-10.3
1444	dapiprazole	4.147	-9.6
1445	PU-H71	4.147	-8.0
1446	CYC065	4.148	-8.1
1447	S49076	4.150	-10.8
1448	neuropathiazol	4.151	-9.3
1449	AZD3514	4.152	-11.9
1450	RMC-4550	4.153	-8.1
1451	TCV-309	4.153	-11.1
1452	dimpylate	4.155	-7.1
1453	PF-8380	4.155	-11.2
1454	dexlansoprazole	4.155	-9.5
1455	dorsomorphin	4.155	-10.4
1456	pilaralisib	4.157	-9.9
1457	voreloxin	4.158	-8.6
1458	4SC-202	4.159	-11.3
1459	canertinib	4.159	-9.2
1460	adatanserin	4.159	-10.5
1461	sulfisomidin	4.160	-8.8
1462	AZ-12080282	4.160	-10.7
1463	bendazol	4.161	-9.4
1464	CNX-774	4.161	-12.4
1465	Ro-19-4605	4.161	-8.7
1466	ASP-2535	4.162	-11.1
1467	emoxipin	4.162	-6.0
1468	oxolamine	4.162	-8.1
1469	MK-571	4.164	-9.9
1470	PF-3845	4.164	-12.1
1471	talnetant	4.164	-10.5
1472	CPI-1205	4.165	-9.2
1473	WAY-207024	4.165	-11.2
1474	motapizone	4.165	-8.0
1475	pioglitazone	4.165	-9.9
1476	2-phenylmelatonin	4.166	-9.8
1477	OC000459	4.170	-11.1
1478	MK-8998	4.170	-10.4
1479	cefazolin	4.172	-8.3
1480	YM-155	4.176	-7.7
1481	ML277	4.176	-10.4
1482	PHA-543613	4.178	-9.0
1483	alpidem	4.178	-8.7
1484	altiratinib	4.178	-12.4
1485	bisindolylmaleimide-IX	4.181	-9.2
1486	ABT-491	4.181	-8.4
1487	flumazenil	4.182	-9.0
1488	lerisetron	4.183	-9.8
1489	CNX-2006	4.183	-8.3
1490	setipiprant	4.183	-8.4
1491	eletriptan	4.184	-10.8
1492	GSK2110183	4.185	-9.7
1493	iodoantipyrine	4.191	-8.1
1494	perchlozone	4.194	-6.2
1495	CGS-21680	4.194	-10.4
1496	7-chlorokynurenic-acid	4.195	-7.8
1497	AMG-337	4.196	-9.2
1498	GSK-J1	4.196	-9.8
1499	GSK2334470	4.197	-10.9
1500	TG-101209	4.197	-9.2
1501	cefpirome	4.198	-9.3
1502	mavacamten	4.198	-8.8
1503	DH-97	4.199	-10.2
1504	PI4KIII-beta-inhibitor-1	4.199	-9.4
1505	MK-0608	4.201	-7.1
1506	ceftazidime	4.201	-7.4
1507	UNC0638	4.202	-9.8
1508	GR-135531	4.203	-8.0
1509	DNQX	4.203	-7.3
1510	AZD8797	4.204	-8.5
1511	CCG-63808	4.207	-9.1
1512	CH223191	4.207	-9.9
1513	D-3263	4.209	-7.7
1514	PSB-11	4.209	-9.5
1515	taladegib	4.209	-10.9
1516	lucitanib	4.211	-9.8
1517	1-naphthyl-PP1	4.212	-8.6
1518	PFK-015	4.213	-9.6
1519	ispinesib	4.217	-7.2
1520	tripelennamine	4.217	-8.2
1521	alovudine	4.218	-7.5
1522	arcyriaflavin-a	4.219	-10.6
1523	phthalylsulfathiazole	4.221	-10.4
1524	sulmazole	4.222	-8.7
1525	balaglitazone	4.222	-12.5
1526	doxifluridine	4.225	-7.4
1527	PSI-7976	4.226	-9.1
1528	XL228	4.228	-11.0
1529	BMS-863233	4.229	-9.5
1530	tasquinimod	4.230	-9.4
1531	darglitazone	4.232	-11.9
1532	CCMQ	4.234	-8.4
1533	pevonedistat	4.234	-11.3
1534	thonzylamine	4.236	-8.5
1535	amidopyrine	4.237	-8.0
1536	JNJ-10191584	4.238	-8.6
1537	INCB-3284	4.239	-12.1
1538	LDC1267	4.240	-11.5
1539	LY2979165	4.240	-8.1
1540	EI1	4.243	-9.0
1541	BI-224436	4.243	-8.1
1542	DIM-C-pPhCO2Me	4.244	-9.7
1543	RAF265	4.246	-12.6
1544	GSK3787	4.246	-10.4
1545	lazabemide	4.246	-6.2
1546	SB-243213	4.246	-11.5
1547	opicapone	4.248	-9.3
1548	PLX8394	4.248	-11.0
1549	carboxypyridine-disulfide	4.251	-8.6
1550	AVN-492	4.252	-7.2
1551	hPGDS-IN-1	4.255	-11.6
1552	EC-144	4.256	-9.3
1553	pixantrone	4.258	-7.3
1554	MGCD-265	4.259	-11.6
1555	AZ-10417808	4.259	-8.4
1556	aztreonam	4.260	-8.2
1557	SB-222200	4.262	-10.3
1558	ziprasidone	4.263	-11.2
1559	GSK2982772	4.264	-10.8
1560	CEP-33779	4.264	-9.9
1561	doravirine	4.264	-9.1
1562	SR-95639A	4.265	-10.4
1563	CCT128930	4.265	-9.5
1564	HC-070	4.266	-9.1
1565	marbofloxacin	4.267	-9.8
1566	floxuridine	4.269	-7.2
1567	lobendazole	4.269	-7.5
1568	NSC-23766	4.271	-8.9
1569	MK-3207	4.271	-13.0
1570	pamiparib	4.273	-9.4
1571	quinelorane	4.275	-8.0
1572	A66	4.276	-8.1
1573	BVD-523	4.276	-9.7
1574	CTEP	4.276	-10.4
1575	tomivosertib	4.278	-10.3
1576	MTPG	4.278	-8.2
1577	EIPA	4.279	-8.0
1578	asivatrep	4.280	-9.5
1579	PF-04691502	4.282	-8.2
1580	SKI-II	4.283	-9.0
1581	ADX-47273	4.284	-10.8
1582	PD-160170	4.284	-8.5
1583	SSR128129E	4.284	-9.7
1584	imatinib	4.285	-10.7
1585	R-428	4.285	-14.1
1586	ABT-724	4.285	-9.7
1587	rabeprazole	4.291	-8.2
1588	MK-2295	4.291	-11.4
1589	Q-203	4.292	-12.7
1590	savolitinib	4.293	-9.6
1591	toltrazuril	4.294	-10.5
1592	AUT-1	4.295	-10.2
1593	uridine	4.296	-7.0
1594	PF-02413873	4.296	-9.0
1595	rauwolscine	4.297	-8.7
1596	KB-SRC-4	4.297	-12.7
1597	catharanthine	4.299	-9.9
1598	JNJ-37822681	4.308	-10.4
1599	AZD4547	4.310	-11.4
1600	cidofovir	4.311	-6.8
1601	AZD8931	4.311	-8.8
1602	NBI-27914	4.312	-8.1
1603	amflutizole	4.314	-8.5
1604	PF-06409577	4.316	-10.3
1605	methazolamide	4.318	-6.0
1606	WH-4-023	4.318	-10.2
1607	BET-BAY-002	4.318	-10.7
1608	YL0919	4.319	-9.3
1609	PD-407824	4.319	-11.3
1610	ASP3026	4.319	-12.2
1611	integrin-antagonist-1	4.325	-12.3
1612	gemigliptin	4.329	-10.5
1613	ketohexokinase-inhibitor-1	4.331	-9.3
1614	JNJ-1661010	4.332	-9.6
1615	XMD8-92	4.334	-9.9
1616	ceftiofur	4.335	-7.5
1617	TAS-103	4.337	-9.2
1618	dicloxacillin	4.337	-7.6
1619	isocarboxazid	4.337	-8.7
1620	API-001	4.338	-9.8
1621	HTH-01-015	4.341	-10.1
1622	alcaftadine	4.344	-8.1
1623	tetrindole	4.344	-11.3
1624	PJ-34	4.347	-9.7
1625	brincidofovir	4.348	-8.2
1626	roblitinib	4.349	-6.8
1627	GLPG0187	4.349	-10.4
1628	BVT-2733	4.350	-10.1
1629	A-784168	4.351	-11.8
1630	L-655240	4.352	-10.1
1631	VU152100	4.352	-9.1
1632	propyphenazone	4.358	-8.4
1633	uracil-mustard	4.358	-6.1
1634	BTT-3033	4.358	-11.7
1635	droxicam	4.362	-9.1
1636	Ro-3306	4.365	-10.5
1637	MBX-2982	4.365	-11.7
1638	cetylpyridinium	4.365	-7.8
1639	ORG-12962	4.367	-8.7
1640	tanaproget	4.368	-8.5
1641	BMS-626531	4.370	-9.4
1642	flunixin-meglumin	4.370	-8.7
1643	XBD173	4.370	-10.1
1644	IPI549	4.371	-8.6
1645	vismodegib	4.375	-9.9
1646	OTS514	4.376	-8.0
1647	trap-101	4.377	-10.5
1648	sulfamethoxazole	4.377	-8.2
1649	CaMKII-IN-1	4.377	-9.8
1650	risdiplam	4.381	-11.2
1651	oxolinic-acid	4.382	-8.1
1652	pitavastatin	4.385	-8.0
1653	omecamtiv-mecarbil	4.385	-10.2
1654	E7046	4.386	-11.4
1655	semaxanib	4.387	-9.1
1656	sparsentan	4.387	-8.5
1657	sitaxentan	4.388	-10.1
1658	CGH2466	4.395	-8.0
1659	COTI-2	4.398	-10.1
1660	FGIN-1-43	4.401	-8.7
1661	BMS-599626	4.403	-11.1
1662	SCH-28080	4.405	-8.9
1663	EG00229	4.405	-8.8
1664	rimcazole	4.406	-10.4
1665	barasertib	4.407	-10.4
1666	vorasidenib	4.408	-9.2
1667	linaprazan	4.408	-8.3
1668	Mps1-IN-1	4.411	-10.1
1669	D-64131	4.412	-9.5
1670	benzotript	4.413	-9.7
1671	KR-33494	4.413	-10.2
1672	mirodenafil	4.414	-7.7
1673	atuveciclib	4.414	-10.7
1674	rislenemdaz	4.414	-10.5
1675	bendazac	4.415	-10.1
1676	cefdinir	4.416	-8.8
1677	MK-7622	4.417	-10.5
1678	ML281	4.418	-9.5
1679	VU0422288	4.419	-9.9
1680	pemirolast	4.423	-8.0
1681	genz-644282	4.426	-8.1
1682	erdafitinib	4.427	-9.3
1683	FG-4592	4.428	-10.4
1684	azaperone	4.428	-9.7
1685	MCOPPB	4.432	-10.4
1686	LY2606368	4.433	-7.9
1687	LY3214996	4.435	-10.5
1688	regorafenib	4.436	-11.4
1689	tracazolate	4.441	-7.6
1690	PF-750	4.442	-11.2
1691	azatadine	4.443	-10.2
1692	orteronel	4.445	-9.9
1693	GDC-0077	4.449	-10.3
1694	tandospirone	4.450	-10.8
1695	go-6983	4.450	-9.7
1696	PF-06651600	4.452	-8.8
1697	pazufloxacin	4.453	-9.1
1698	perospirone	4.453	-10.9
1699	ergonovine	4.454	-9.0
1700	AZD5069	4.456	-9.0
1701	benzoxiquine	4.459	-9.8
1702	methysergide	4.460	-9.5
1703	NI-57	4.461	-8.4
1704	GS-39783	4.461	-9.5
1705	PDE10-IN-1	4.464	-10.7
1706	AQ-RA741	4.465	-10.1
1707	CT7001	4.467	-9.8
1708	zopolrestat	4.469	-10.8
1709	TC-F-2	4.470	-11.4
1710	lornoxicam	4.470	-8.9
1711	CP-376395	4.472	-9.2
1712	XD-14	4.473	-8.4
1713	BAY-60-7550	4.475	-10.3
1714	DS2-_806622_	4.478	-9.3
1715	ARRY-334543	4.479	-10.3
1716	OF-1	4.479	-8.8
1717	MC-1	4.480	-7.0
1718	piclamilast	4.480	-8.3
1719	sulfathiazole	4.481	-7.5
1720	zaldaride	4.481	-11.4
1721	fostemsavir	4.482	-9.5
1722	EPZ015666	4.482	-9.8
1723	sulfaquinoxaline	4.483	-9.4
1724	cinchophen	4.484	-9.9
1725	BMS-626529	4.485	-8.9
1726	pumosetrag	4.486	-8.8
1727	dovitinib	4.486	-11.4
1728	cenerimod	4.489	-10.0
1729	uprifosbuvir	4.489	-8.4
1730	cefoperazone	4.493	-7.7
1731	eprosartan	4.495	-8.5
1732	ciclopirox	4.501	-8.3
1733	nelociguat	4.503	-10.6
1734	TC-N-1752	4.503	-11.9
1735	encorafenib	4.503	-9.0
1736	roflumilast	4.505	-8.0
1737	LY2584702	4.505	-11.8
1738	ORE1001	4.505	-8.4
1739	SA-47	4.508	-9.2
1740	cefpiramide	4.512	-8.8
1741	alfuzosin	4.514	-9.1
1742	CH-5183284	4.518	-11.3
1743	CGP-74514	4.521	-8.5
1744	ICA-069673	4.523	-8.6
1745	rilpivirine	4.523	-10.5
1746	NK-252	4.524	-9.1
1747	lenvatinib	4.524	-9.8
1748	dipraglurant	4.527	-9.4
1749	vemurafenib	4.530	-10.3
1750	danazol	4.532	-9.8
1751	barasertib-HQPA	4.535	-9.8
1752	pexmetinib	4.536	-10.4
1753	compound-401	4.537	-9.3
1754	CCT129202	4.540	-8.0
1755	merbarone	4.540	-8.3
1756	Ro-5028442	4.545	-9.1
1757	pyridoxal-isonicotinoyl-hydrazone	4.548	-7.8
1758	AAI101	4.553	-8.0
1759	leniolisib	4.554	-7.9
1760	vecabrutinib	4.555	-10.1
1761	SB-242235	4.556	-10.0
1762	BAY-1251152	4.557	-10.4
1763	devazepide	4.557	-10.0
1764	LY3200882	4.558	-10.2
1765	PF-04995274	4.558	-10.2
1766	VU10010	4.560	-9.3
1767	E-4031	4.563	-10.5
1768	IACS-10759	4.563	-11.7
1769	mefloquine	4.564	-10.6
1770	NS-8593	4.565	-10.4
1771	JNJ-38877605	4.566	-10.4
1772	GW-1929	4.569	-11.9
1773	AEG3482	4.570	-8.2
1774	BOS-172722	4.577	-9.6
1775	KD025	4.577	-11.1
1776	maribavir	4.578	-8.0
1777	voxelotor	4.579	-9.3
1778	Ro-90-7501	4.579	-11.6
1779	indiplon	4.582	-10.3
1780	AMG-517	4.589	-11.5
1781	MK-3697	4.590	-9.2
1782	tegaserod	4.593	-8.4
1783	sulfamethazine	4.598	-8.6
1784	PRT4165	4.603	-9.5
1785	rovazolac	4.603	-10.5
1786	APD597	4.604	-8.6
1787	A-381393	4.606	-10.4
1788	EW-7197	4.607	-10.5
1789	MK-6096	4.609	-9.1
1790	methylergometrine	4.611	-9.4
1791	NGD-98-2	4.611	-9.8
1792	AZD0156	4.611	-9.0
1793	PNU-89843	4.612	-8.0
1794	cot-inhibitor-1	4.613	-9.5
1795	AR-A014418	4.614	-8.6
1796	rociletinib	4.615	-7.7
1797	eniporide	4.616	-9.1
1798	WZ-3146	4.616	-11.3
1799	fevipiprant	4.618	-9.6
1800	A-412997	4.619	-10.1
1801	istradefylline	4.619	-9.2
1802	AZM-475271	4.620	-9.6
1803	GNF-5837	4.624	-12.5
1804	brigatinib	4.625	-8.5
1805	THZ2	4.627	-12.3
1806	madrasin	4.629	-8.7
1807	WAY-100635	4.631	-8.7
1808	delamanid	4.631	-12.1
1809	pritelivir	4.634	-9.7
1810	BMS-536924	4.634	-10.3
1811	HJC-0350	4.636	-9.7
1812	tiabendazole	4.636	-7.5
1813	SU014813	4.637	-10.7
1814	AST-1306	4.638	-10.3
1815	SGC-707	4.640	-9.5
1816	R547	4.640	-10.8
1817	SCH-58261	4.640	-10.4
1818	RAD140	4.641	-9.6
1819	molsidomine	4.641	-6.5
1820	KHK-IN-1	4.642	-9.0
1821	papaverine	4.643	-9.0
1822	S26948	4.644	-10.8
1823	levofloxacin	4.645	-10.3
1824	EDO-S101	4.647	-8.2
1825	_5_7-dichlorokynurenic-acid_	4.647	-7.8
1826	broxaldine	4.647	-8.9
1827	tropifexor	4.647	-10.8
1828	GNF-7	4.647	-9.3
1829	palbociclib	4.648	-10.3
1830	prazosin	4.648	-9.2
1831	tiaramide	4.649	-8.8
1832	PIT	4.649	-8.8
1833	VU1545	4.650	-9.8
1834	ofloxacin	4.653	-10.3
1835	CPI-360	4.655	-9.4
1836	iCRT-14	4.656	-10.7
1837	CCG-63802	4.660	-9.8
1838	zoledronic-acid	4.660	-5.7
1839	STF-31	4.661	-11.2
1840	INCB-003284	4.663	-12.1
1841	crenigacestat	4.664	-10.3
1842	nitazoxanide	4.667	-8.8
1843	beta-amyloid-synthesis-inhibitor	4.667	-10.1
1844	SKLB-1028	4.668	-10.6
1845	entasobulin	4.669	-12.3
1846	gemcitabine-elaidate	4.669	-9.2
1847	pirfenidone	4.669	-8.0
1848	exatecan-mesylate	4.674	-6.8
1849	ML297	4.678	-11.6
1850	osimertinib	4.679	-9.2
1851	dasatinib	4.679	-10.1
1852	GSK239512	4.681	-11.1
1853	NSC-319726	4.687	-7.2
1854	acebilustat	4.687	-11.8
1855	BMS-707035	4.688	-9.4
1856	CP-339818	4.695	-10.0
1857	BAM7	4.696	-9.7
1858	GAL-021	4.696	-7.4
1859	LX1031	4.698	-11.0
1860	ipsapirone	4.701	-10.4
1861	tecastemizole	4.701	-9.7
1862	riboflavin-5-phosphate-sodium	4.703	-8.3
1863	SGC-CBP30	4.705	-8.5
1864	sitravatinib	4.705	-11.1
1865	CI-953	4.706	-8.2
1866	omarigliptin	4.706	-10.7
1867	lonidamine	4.709	-9.9
1868	CB-839	4.710	-12.0
1869	chlorquinaldol	4.711	-8.0
1870	WZ-4002	4.715	-10.6
1871	CR8-_R_	4.715	-10.7
1872	bictegravir	4.715	-11.3
1873	cabotegravir	4.715	-10.5
1874	AZ7550	4.715	-9.4
1875	abacavir	4.716	-8.1
1876	lafutidine	4.721	-9.7
1877	mivobulin	4.722	-10.2
1878	molidustat	4.722	-8.7
1879	seletalisib	4.723	-9.5
1880	Ro-61-8048	4.724	-9.7
1881	PRLX-93936	4.724	-8.6
1882	enrofloxacin	4.725	-10.2
1883	DCC-2618	4.725	-11.9
1884	EHop-016	4.726	-10.9
1885	cefsulodin	4.726	-10.1
1886	MSDC-0602K	4.727	-10.0
1887	AMZ30	4.728	-11.5
1888	LCQ908	4.729	-12.4
1889	selumetinib	4.729	-8.9
1890	ganetespib	4.730	-9.2
1891	AC-710	4.733	-12.4
1892	tenoxicam	4.735	-8.6
1893	GNE-7915	4.736	-9.0
1894	CQS	4.736	-9.4
1895	SRT3190	4.737	-8.4
1896	TD139	4.739	-9.4
1897	AZD3965	4.740	-9.0
1898	DPCPX	4.740	-9.1
1899	LY3023414	4.741	-9.4
1900	relugolix	4.741	-7.7
1901	lanifibranor	4.742	-9.7
1902	ACDPP	4.747	-8.0
1903	axitinib	4.748	-11.2
1904	ZCL-278	4.751	-11.3
1905	indisulam	4.752	-10.3
1906	FRAX486	4.755	-11.1
1907	exo-IWR-1	4.759	-11.6
1908	uprosertib	4.759	-10.0
1909	olmutinib	4.760	-10.4
1910	SU11274	4.761	-12.6
1911	BLU9931	4.763	-10.0
1912	TC-FPR-43	4.763	-9.7
1913	apyramide	4.769	-10.3
1914	DRF053-_R_	4.770	-10.1
1915	LP-533401	4.776	-11.7
1916	rufinamide	4.778	-8.0
1917	enasidenib	4.779	-10.3
1918	liranaftate	4.779	-10.0
1919	cinoxacin	4.780	-8.0
1920	MK-1064	4.781	-9.7
1921	UBP-310	4.782	-8.3
1922	decoquinate	4.783	-8.5
1923	garenoxacin	4.784	-10.1
1924	GW-6471	4.792	-12.0
1925	DpC	4.793	-9.2
1926	BMS-191095	4.796	-7.8
1927	bindarit	4.801	-10.1
1928	ningetinib-tosylate	4.802	-11.8
1929	CCT018159	4.803	-9.0
1930	methylene-blue	4.808	-8.6
1931	tedizolid-phosphate	4.810	-10.7
1932	SB-200646	4.811	-8.7
1933	PF-03084014	4.812	-10.4
1934	furegrelate	4.813	-9.6
1935	difenpiramide	4.814	-10.8
1936	imiloxan	4.814	-8.0
1937	eluxadoline	4.816	-9.6
1938	OAC1	4.816	-9.3
1939	_1_3-dipropyl-8-phenylxanthine_	4.816	-9.1
1940	antalarmin	4.817	-8.1
1941	deferasirox	4.817	-9.6
1942	JNJ-16259685	4.821	-10.7
1943	pergolide	4.822	-8.0
1944	nicodicosapent	4.822	-9.8
1945	SNX-2112	4.823	-9.7
1946	PHA-848125	4.823	-12.1
1947	GS-6201	4.824	-10.7
1948	UBP-302	4.825	-8.5
1949	WAY-362450	4.826	-9.2
1950	RG7800	4.826	-9.5
1951	NAB-2	4.827	-11.5
1952	zomepirac	4.827	-9.1
1953	TFC-007	4.829	-12.1
1954	tryptanthrin	4.831	-9.9
1955	E-2012	4.831	-10.5
1956	zanubrutinib	4.832	-9.9
1957	piroxicam	4.832	-9.7
1958	ML323	4.833	-10.9
1959	TAK-960	4.836	-9.6
1960	astemizole	4.836	-11.3
1961	NGP555	4.837	-11.2
1962	ADX-10059	4.837	-8.6
1963	orantinib	4.838	-9.7
1964	FLT3-IN-1	4.840	-9.7
1965	torcitabine	4.842	-6.9
1966	sulfamoxole	4.843	-8.6
1967	phenazopyridine	4.844	-8.4
1968	vadadustat	4.847	-8.8
1969	ST-1535	4.849	-8.4
1970	_L-655_708_	4.850	-9.7
1971	SCH-900776	4.851	-8.6
1972	bepotastine	4.853	-9.8
1973	VU29	4.854	-10.4
1974	PF-04136309	4.855	-12.7
1975	IDH-305	4.855	-11.2
1976	afobazole	4.858	-7.8
1977	BU-224	4.858	-8.1
1978	vericiguat	4.858	-10.9
1979	cyt387	4.862	-10.2
1980	2-chloro-N6-cyclopentyladenosine	4.865	-8.9
1981	finafloxacin	4.865	-8.4
1982	GSK2830371	4.867	-10.2
1983	2_-MeCCPA	4.868	-9.1
1984	BI-2536	4.869	-9.5
1985	irinotecan	4.869	-9.8
1986	azelastine	4.870	-9.7
1987	VU0361737	4.875	-8.3
1988	JNJ-54175446	4.877	-8.2
1989	CX-5461	4.878	-9.5
1990	L-760735	4.879	-10.2
1991	AZD1390	4.880	-11.6
1992	pibenzimol	4.882	-12.2
1993	ICA-121431	4.882	-9.7
1994	acumapimod	4.885	-10.6
1995	PF-03758309	4.886	-8.8
1996	SB-228357	4.888	-10.9
1997	vincamine	4.889	-8.2
1998	D-4476	4.892	-9.8
1999	ciprofloxacin	4.895	-9.8
2000	AZD3264	4.898	-9.0
2001	_5-amino-3-D-ribofuranosylthiazolo_4_5-d_pyrimidin-2_7_3H_6H_-dione_	4.899	-7.3
2002	AQW-051	4.900	-10.3
2003	futibatinib	4.907	-8.7
2004	XL147	4.907	-9.8
2005	cardiogenol-C	4.907	-7.9
2006	RS-100329	4.907	-10.6
2007	ceftibuten	4.908	-8.8
2008	raltitrexed	4.909	-9.8
2009	R-121919	4.910	-9.2
2010	MK-0773	4.911	-11.8
2011	BMS-911543	4.913	-8.1
2012	BML-190	4.913	-9.4
2013	MK-5046	4.914	-10.5
2014	tolonium	4.915	-9.4
2015	PF-514273	4.915	-8.1
2016	XAV-939	4.915	-9.5
2017	glesatinib	4.916	-10.8
2018	SB-649868	4.918	-9.0
2019	F351	4.919	-8.1
2020	fostamatinib	4.919	-5.3
2021	ICA-110381	4.919	-8.8
2022	nedocromil	4.920	-8.9
2023	pruvanserin	4.920	-10.7
2024	ZK-164015	4.921	-9.2
2025	buspirone	4.923	-11.0
2026	RS-17053	4.924	-9.7
2027	pirenoxine	4.925	-10.6
2028	dolutegravir	4.926	-10.1
2029	rutaecarpine	4.926	-10.8
2030	CUDC-101	4.928	-10.0
2031	VU0364439	4.930	-10.6
2032	endo-IWR-1	4.931	-11.7
2033	cadazolid	4.932	-12.1
2034	carbendazim	4.934	-7.2
2035	tedizolid	4.936	-10.2
2036	FG-2216	4.936	-8.2
2037	ripretinib	4.937	-8.4
2038	cridanimod	4.940	-8.9
2039	RWJ-50271	4.940	-9.4
2040	CEP-40783	4.945	-11.8
2041	RQ-00203078	4.945	-10.3
2042	PF-05190457	4.947	-12.5
2043	JNJ-42041935	4.948	-9.2
2044	fenbendazole	4.948	-9.5
2045	isoxicam	4.951	-10.1
2046	besifloxacin	4.953	-9.4
2047	volasertib	4.959	-12.2
2048	BT-11	4.965	-11.4
2049	amlexanox	4.965	-9.6
2050	G007-LK	4.966	-11.5
2051	mitapivat	4.967	-10.7
2052	oxibendazole	4.968	-7.8
2053	pefloxacin	4.970	-9.2
2054	PIK-75	4.971	-10.1
2055	TG100-115	4.972	-9.2
2056	TAK-243	4.972	-9.9
2057	ISX-9	4.973	-7.5
2058	sotrastaurin	4.975	-10.4
2059	_L-732_138_	4.978	-11.9
2060	MPEP	4.978	-7.9
2061	fenoxaprop-p-ethyl	4.979	-9.3
2062	PF-04885614	4.980	-8.6
2063	PFI-3	4.981	-9.9
2064	FR-180204	4.982	-9.4
2065	trametinib	4.983	-7.5
2066	COR-170	4.983	-9.5
2067	glasdegib	4.986	-10.3
2068	latrepirdine	4.986	-10.9
2069	losmapimod	4.986	-9.7
2070	CZC-54252	4.987	-10.0
2071	PSN-375963	4.988	-9.1
2072	epirizole	4.990	-7.3
2073	rosoxacin	4.990	-9.7
2074	nefazodone	4.990	-10.8
2075	BMS-191011	4.991	-10.4
2076	MKT-077	4.995	-8.6
2077	AZD6482	4.996	-8.6
2078	vinburnine	4.998	-9.7
2079	SR-27897	5.000	-9.6
2080	CFI-400945	5.001	-13.1
2081	Y-29794	5.002	-8.6
2082	IKK-16	5.007	-12.0
2083	NGD-94-1	5.009	-10.2
2084	MLN8054	5.010	-10.8
2085	ceftaroline-fosamil	5.010	-8.7
2086	LRRK2-IN-1	5.011	-8.7
2087	bazedoxifene	5.014	-11.0
2088	abametapir	5.014	-7.7
2089	THK5351	5.014	-9.4
2090	TCS-2210	5.018	-10.5
2091	TGR-1202	5.019	-9.8
2092	sipatrigine	5.019	-9.2
2093	meloxicam	5.022	-10.1
2094	GSK690693	5.023	-9.0
2095	binimetinib	5.024	-8.9
2096	nocodazole	5.024	-9.5
2097	tideglusib	5.028	-9.9
2098	NSC-625987	5.030	-8.9
2099	KW-2449	5.030	-10.9
2100	salazodine	5.033	-10.1
2101	GSK1070916	5.033	-9.9
2102	flubendazole	5.033	-10.5
2103	BCTC	5.035	-10.7
2104	alagebrium	5.036	-8.2
2105	darusentan	5.036	-8.1
2106	oprozomib	5.038	-8.1
2107	NNC-05-2090	5.039	-11.1
2108	PKI-166	5.040	-10.7
2109	ticagrelor	5.041	-9.0
2110	bunazosin	5.043	-8.6
2111	NMS-1286937	5.043	-8.4
2112	VU0364770	5.044	-8.0
2113	A-582941	5.045	-10.0
2114	ABX464	5.045	-10.0
2115	PFI-4	5.047	-8.6
2116	bilastine	5.050	-10.8
2117	SB-216763	5.050	-9.0
2118	dapivirine	5.054	-10.4
2119	resminostat	5.058	-8.7
2120	SB-431542	5.059	-9.7
2121	azeliragon	5.061	-9.9
2122	desidustat	5.061	-8.5
2123	N6-cyclopentyladenosine	5.063	-8.8
2124	mebendazole	5.065	-10.1
2125	statil	5.067	-10.1
2126	NPY-5RA972	5.068	-10.1
2127	GDC-0152	5.068	-8.4
2128	PF-5274857	5.069	-9.4
2129	TC-G-1008	5.070	-10.7
2130	SIB-1893	5.072	-8.1
2131	R112	5.073	-10.1
2132	BMS-779788	5.074	-9.0
2133	SX-011	5.075	-10.9
2134	maraviroc	5.076	-9.9
2135	NTRC-824	5.078	-11.0
2136	SRT1720	5.085	-9.0
2137	ivacaftor	5.088	-10.2
2138	SC-560	5.088	-8.5
2139	fruquintinib	5.089	-9.7
2140	wnt-c59	5.092	-11.4
2141	AMG-925	5.092	-10.3
2142	SB-221284	5.094	-9.1
2143	ML193	5.096	-9.5
2144	GW-0742	5.097	-9.9
2145	PhiKan-083	5.103	-8.3
2146	TC-LPA5-4	5.104	-9.7
2147	orbifloxacin	5.104	-8.5
2148	R406	5.104	-11.0
2149	gatifloxacin	5.106	-8.9
2150	SJ-733	5.107	-9.2
2151	oglemilast	5.107	-8.2
2152	BMY-14802	5.108	-9.8
2153	tecadenoson	5.112	-8.2
2154	MK-8745	5.112	-11.4
2155	AZD4573	5.114	-10.3
2156	PSNCBAM-1	5.115	-12.1
2157	ramatroban	5.116	-10.0
2158	AMG-PERK-44	5.116	-10.9
2159	PHA-665752	5.117	-11.0
2160	MLN1117	5.117	-10.6
2161	presatovir	5.119	-7.6
2162	PF-03049423	5.119	-8.5
2163	CDPPB	5.121	-11.1
2164	triclabendazole	5.122	-9.2
2165	sitafloxacin	5.124	-9.6
2166	SU16f	5.124	-11.6
2167	Ko143	5.126	-8.7
2168	MK-0557	5.131	-12.5
2169	AIM-100	5.132	-10.0
2170	TP-0903	5.132	-11.7
2171	ON123300	5.137	-11.3
2172	niflumic-acid	5.137	-9.4
2173	XL041	5.139	-5.9
2174	L-741742	5.140	-10.9
2175	VU0240551	5.144	-9.9
2176	WP1066	5.145	-9.3
2177	MC1568	5.146	-10.0
2178	pirenperone	5.147	-11.0
2179	cefditoren-pivoxil	5.150	-7.9
2180	oxacillin	5.150	-9.2
2181	BAY-87-2243	5.151	-11.6
2182	TC-OT-39	5.152	-7.7
2183	ZM-323881	5.154	-11.6
2184	IWP-L6	5.158	-11.1
2185	pipemidic-acid	5.161	-8.8
2186	clinafloxacin	5.162	-9.4
2187	tozasertib	5.165	-10.2
2188	ONO-8130	5.166	-9.8
2189	erlotinib	5.166	-7.8
2190	JNJ-7706621	5.170	-10.4
2191	WZ8040	5.175	-11.7
2192	BMS-986020	5.177	-12.3
2193	FK-866	5.179	-10.9
2194	pipofezine	5.180	-9.9
2195	L-phenylisopropyladenosine	5.180	-9.7
2196	AM095	5.180	-12.3
2197	GSK2256098	5.184	-8.5
2198	linagliptin	5.184	-7.9
2199	NPS-2407	5.187	-10.1
2200	CCG-50014	5.189	-9.6
2201	risedronate	5.195	-6.5
2202	URMC-099	5.197	-13.3
2203	cloxacillin	5.198	-9.5
2204	gilteritinib	5.200	-9.5
2205	ridinilazole	5.201	-12.2
2206	basimglurant	5.202	-10.1
2207	piribedil	5.206	-9.4
2208	GDC-0941	5.208	-9.3
2209	lixivaptan	5.210	-13.2
2210	GSK189254	5.213	-11.0
2211	oncrasin-1	5.215	-9.9
2212	CT-7758	5.220	-10.3
2213	elvitegravir	5.221	-8.0
2214	GW-501516	5.228	-9.6
2215	SP-141	5.228	-10.5
2216	indibulin	5.229	-11.7
2217	frentizole	5.235	-9.4
2218	parbendazole	5.241	-8.1
2219	BAY1125976	5.241	-10.5
2220	PF-06873600	5.244	-10.5
2221	oxfendazole	5.247	-9.6
2222	fluvastatin	5.248	-8.4
2223	YC-1	5.249	-10.7
2224	YM-58483	5.249	-10.2
2225	T-807	5.250	-10.1
2226	LY266097	5.250	-9.8
2227	BMS-770767	5.250	-11.1
2228	naquotinib	5.254	-11.6
2229	phenylbenzimidazole-sulfonic-acid	5.256	-9.2
2230	berberine	5.258	-9.3
2231	GSK2801	5.263	-7.9
2232	A-987306	5.264	-10.7
2233	AZD9668	5.272	-11.2
2234	mebhydrolin	5.275	-10.6
2235	WP1130	5.279	-9.3
2236	rufloxacin	5.280	-8.2
2237	TAK-632	5.285	-11.5
2238	SR-2211	5.286	-11.2
2239	saracatinib	5.287	-10.2
2240	tiplaxtinin	5.288	-11.5
2241	SirReal-2	5.290	-11.3
2242	ozenoxacin	5.293	-10.5
2243	WWL-113	5.293	-11.8
2244	BRD4770	5.297	-10.4
2245	metergoline	5.299	-10.9
2246	SAM-315	5.306	-11.4
2247	GSK461364	5.307	-11.1
2248	albendazole-oxide	5.309	-8.0
2249	PF-3274167	5.313	-8.1
2250	radiprodil	5.316	-11.5
2251	JNJ-17203212	5.317	-11.6
2252	RG7834	5.317	-8.8
2253	GPI-1046	5.318	-9.2
2254	APD668	5.324	-10.1
2255	OAC2	5.324	-9.5
2256	LIMKi-3	5.327	-9.1
2257	CITCO	5.330	-9.8
2258	piromidic-acid	5.331	-9.2
2259	enoxacin	5.332	-9.5
2260	bendamustine	5.335	-7.3
2261	CC-90003	5.335	-8.2
2262	YM-90709	5.337	-10.1
2263	chlorpyrifos	5.341	-6.9
2264	danofloxacin	5.342	-10.2
2265	GDC-0575	5.343	-6.5
2266	SB-505124	5.349	-9.2
2267	sapacitabine	5.349	-9.3
2268	enzastaurin	5.349	-11.0
2269	MK2-IN-1	5.350	-11.3
2270	tyrphostin-AG-1296	5.354	-8.6
2271	PF-573228	5.358	-12.0
2272	CycLuc1	5.358	-8.6
2273	alectinib	5.358	-8.9
2274	GNF-5	5.360	-10.6
2275	ZLN005	5.363	-9.7
2276	LH846	5.364	-9.7
2277	NH125	5.368	-9.2
2278	CC-930	5.368	-9.5
2279	reversine	5.368	-8.9
2280	SHP099	5.376	-9.2
2281	tetomilast	5.377	-9.5
2282	SB-202190	5.380	-9.6
2283	ZK-200775	5.381	-6.9
2284	CP-724714	5.383	-11.2
2285	WZ4003	5.385	-10.6
2286	SC-144	5.388	-10.1
2287	SB-218795	5.388	-10.9
2288	ADD-233089	5.393	-8.4
2289	ceritinib	5.395	-8.1
2290	zolimidine	5.395	-9.0
2291	TC-G-1004	5.396	-10.1
2292	TRV130	5.402	-9.3
2293	elinogrel	5.402	-11.6
2294	AF38469	5.403	-9.4
2295	GSK1292263	5.404	-11.4
2296	IOX2	5.404	-9.4
2297	leflunomide	5.409	-8.9
2298	vinpocetine	5.409	-7.8
2299	tie2-kinase-inhibitor	5.417	-8.6
2300	TC-SP-14	5.419	-11.8
2301	capecitabine	5.421	-8.8
2302	norfloxacin	5.422	-9.4
2303	Gue-1654	5.424	-8.3
2304	SB-590885	5.427	-8.6
2305	abafungin	5.427	-11.7
2306	UNC3230	5.429	-10.4
2307	CUDC-907	5.437	-10.1
2308	KAF-156	5.438	-9.3
2309	FPL-62064	5.438	-9.5
2310	BEBT-908	5.439	-10.3
2311	WIKI4	5.447	-10.0
2312	methiazole	5.464	-7.9
2313	albendazole	5.464	-7.6
2314	VU0360172	5.467	-9.8
2315	gemifloxacin	5.469	-7.7
2316	AL-8697	5.470	-10.4
2317	saroglitazar	5.475	-9.4
2318	CK-101	5.484	-11.5
2319	mericitabine	5.486	-8.6
2320	AZD3839	5.496	-9.9
2321	SGI-1776	5.499	-10.6
2322	MK-2048	5.499	-9.1
2323	MK-1775	5.500	-11.4
2324	ebselen	5.502	-8.6
2325	LY2801653	5.504	-12.3
2326	aminopurvalanol-a	5.504	-8.4
2327	Imazodan	5.507	-8.5
2328	lomefloxacin	5.507	-9.8
2329	DHBP	5.508	-8.7
2330	7-methoxytacrine	5.509	-8.5
2331	ocaperidone	5.512	-12.1
2332	acemetacin	5.515	-8.9
2333	LSN-2463359	5.520	-8.4
2334	GW-405833	5.521	-9.3
2335	trovafloxacin	5.524	-10.0
2336	pyrvinium-pamoate	5.525	-10.1
2337	indomethacin	5.528	-9.6
2338	tulrampator	5.532	-11.0
2339	velneperit	5.535	-10.2
2340	AP26113	5.540	-8.3
2341	PD-173074	5.544	-8.4
2342	TAK-715	5.549	-10.0
2343	2-_1-_4-piperonyl_piperazinyl_benzothiazole	5.554	-10.9
2344	brexpiprazole	5.555	-10.8
2345	tolmetin	5.557	-9.0
2346	N-methylquipazine	5.560	-8.6
2347	GSK-J4	5.566	-9.5
2348	ASP-9521	5.566	-9.4
2349	PSB-603	5.568	-10.8
2350	lumacaftor	5.570	-12.3
2351	ribociclib	5.573	-12.1
2352	ALS-8176	5.574	-8.7
2353	zafirlukast	5.581	-11.2
2354	KRCA-0008	5.582	-10.6
2355	VLX600	5.583	-10.0
2356	fleroxacin	5.587	-9.7
2357	9-aminocamptothecin	5.590	-8.8
2358	SB-525334	5.592	-9.1
2359	JNJ-40411813	5.598	-9.7
2360	M-25	5.599	-9.9
2361	ML204	5.615	-9.0
2362	LY393558	5.616	-11.0
2363	ethaverine	5.619	-8.0
2364	LB42708	5.621	-11.4
2365	crizotinib-_S_	5.623	-11.0
2366	3-MPPI	5.625	-10.9
2367	pifithrin-cyclic	5.629	-9.3
2368	GSK-J5	5.636	-9.6
2369	GDC-0980	5.636	-9.1
2370	indeglitazar	5.643	-9.5
2371	PFK-158	5.645	-10.4
2372	LXR-623	5.646	-8.9
2373	ITX3	5.648	-8.5
2374	PSB-1115	5.649	-9.3
2375	ASTX660	5.660	-6.7
2376	Mps1-IN-5	5.663	-11.5
2377	HMN-214	5.664	-10.5
2378	topotecan	5.666	-8.7
2379	tepoxalin	5.670	-8.8
2380	conivaptan	5.671	-11.0
2381	ataluren	5.674	-10.2
2382	difloxacin	5.678	-9.7
2383	ELN-441958	5.681	-12.3
2384	LY2608204	5.684	-8.8
2385	DMP-543	5.688	-10.0
2386	GPR120-modulator-1	5.692	-9.8
2387	larotrectinib	5.694	-8.5
2388	rosuvastatin	5.696	-9.1
2389	LCL-161	5.698	-9.3
2390	prinaberel	5.701	-9.0
2391	rubitecan	5.702	-8.5
2392	ezutromid	5.705	-8.9
2393	AFN-1252	5.715	-11.4
2394	belotecan	5.718	-8.0
2395	VE-821	5.729	-10.3
2396	citarinostat	5.730	-9.5
2397	SNX-5422	5.731	-9.8
2398	PNU-120596	5.737	-8.2
2399	amenamevir	5.738	-10.5
2400	SLV-320	5.738	-9.7
2401	STF-62247	5.744	-8.8
2402	KY02111	5.745	-10.0
2403	ARQ-621	5.747	-7.2
2404	UCL-2077	5.748	-9.2
2405	pyrintegrin	5.758	-11.6
2406	VX-745	5.758	-11.0
2407	merimepodib	5.765	-11.2
2408	CCT137690	5.765	-9.9
2409	JTC-801	5.775	-10.3
2410	TC-S-7003	5.790	-6.5
2411	aprepitant	5.792	-10.4
2412	BMS-566419	5.792	-9.9
2413	WAY-200070	5.797	-8.7
2414	SB-705498	5.802	-10.3
2415	GSK-J2	5.802	-9.7
2416	danusertib	5.814	-10.7
2417	derazantinib	5.815	-11.6
2418	JTE-907	5.816	-9.5
2419	betrixaban	5.832	-10.4
2420	tezacaftor	5.833	-10.3
2421	PH-797804	5.838	-12.0
2422	sertindole	5.848	-11.8
2423	daprodustat	5.851	-8.9
2424	tozadenant	5.852	-7.8
2425	sodium-picosulfate	5.852	-9.8
2426	RAF709	5.854	-9.8
2427	SIS3	5.860	-10.1
2428	elacridar	5.861	-11.8
2429	bretazenil	5.862	-8.8
2430	centhaquin	5.867	-10.8
2431	brequinar	5.867	-10.3
2432	nTZDpa	5.869	-10.3
2433	pavinetant	5.880	-10.0
2434	sparfloxacin	5.886	-9.1
2435	PZ-2891	5.890	-10.0
2436	XL019	5.900	-11.6
2437	KI-8751	5.907	-11.7
2438	MK-2206	5.909	-10.3
2439	delafloxacin	5.914	-8.3
2440	deferasirox-iron-chelate	5.918	-10.5
2441	GDC-0349	5.922	-6.2
2442	CX-4945	5.923	-10.4
2443	acalabrutinib	5.925	-10.3
2444	NVP-BGJ398	5.929	-10.5
2445	AS-1892802	5.933	-9.9
2446	laropiprant	5.935	-7.9
2447	crizotinib	5.939	-10.6
2448	NHI-2	5.942	-10.1
2449	reversan	5.944	-10.7
2450	KPT-185	5.945	-9.3
2451	cangrelor	5.945	-8.9
2452	GSK3117391	5.946	-10.7
2453	TAK-063	5.946	-9.4
2454	CUDC-427	5.948	-6.7
2455	apalutamide	5.948	-9.4
2456	SRT2104	5.953	-7.6
2457	PD-123319	5.962	-9.8
2458	SANT-2	5.963	-9.0
2459	MK-7246	5.966	-10.0
2460	L-168049	5.968	-8.6
2461	sanguinarium-chloride	5.969	-11.5
2462	MY-5445	5.978	-10.8
2463	PF-06751979	5.979	-10.6
2464	PSI-697	5.980	-10.9
2465	avatrombopag	5.988	-9.9
2466	ML314	5.988	-6.6
2467	delavirdine	6.002	-11.0
2468	ML786	6.009	-10.9
2469	tafamidis-meglumine	6.018	-9.2
2470	AZD3988	6.033	-11.8
2471	AMG458	6.034	-11.4
2472	ZM-241385	6.039	-10.5
2473	SAG	6.039	-10.3
2474	BMS-754807	6.042	-9.8
2475	PF-06747775	6.044	-7.5
2476	pyrotinib	6.045	-8.5
2477	HC-067047	6.046	-10.1
2478	tegobuvir	6.050	-13.2
2479	pirodavir	6.057	-9.7
2480	BAY-2402234	6.061	-11.0
2481	zardaverine	6.065	-8.4
2482	PHA-680632	6.071	-10.1
2483	GSK3179106	6.080	-10.3
2484	tenofovir-disoproxil	6.085	-8.5
2485	sonidegib	6.087	-11.6
2486	etrasimod	6.089	-11.8
2487	ER-50891	6.089	-12.3
2488	asapiprant	6.100	-11.0
2489	siramesine	6.114	-12.8
2490	L-701324	6.115	-11.1
2491	AMG-548	6.115	-11.7
2492	LY2334737	6.119	-9.5
2493	SP-100030	6.121	-9.6
2494	evacetrapib	6.124	-5.6
2495	TP-3654	6.126	-9.5
2496	fentiazac	6.129	-9.1
2497	neratinib	6.135	-9.0
2498	oxaprozin	6.137	-9.3
2499	VX-11e	6.145	-11.7
2500	COH29	6.147	-8.7
2501	fisogatinib	6.148	-9.8
2502	R-59022	6.156	-9.4
2503	rimegepant	6.159	-11.1
2504	K02288	6.183	-10.1
2505	CYM-50769	6.188	-12.1
2506	ML179	6.188	-12.2
2507	mibefradil	6.190	-9.6
2508	INH1	6.194	-10.3
2509	GKA-50	6.196	-10.0
2510	AZD3759	6.204	-8.9
2511	LY2090314	6.205	-7.6
2512	pimozide	6.206	-12.3
2513	SC-51089	6.208	-11.2
2514	GSK1838705A	6.218	-7.2
2515	ERK5-IN-1	6.229	-9.1
2516	pemafibrate	6.243	-10.4
2517	denotivir	6.248	-9.4
2518	A-867744	6.259	-8.7
2519	GW-842166	6.271	-10.3
2520	ORG-27569	6.274	-10.9
2521	NVP-231	6.282	-11.9
2522	rebastinib	6.300	-12.0
2523	dehydrocorydaline	6.304	-9.0
2524	dilmapimod	6.305	-8.2
2525	SN-38	6.308	-8.5
2526	MK-5108	6.313	-10.8
2527	cbl0137	6.316	-8.9
2528	camptothecin	6.330	-10.8
2529	enocitabine	6.334	-9.0
2530	palovarotene	6.338	-10.0
2531	CM-4620	6.348	-11.4
2532	10-hydroxycamptothecin	6.352	-10.7
2533	RWJ-67657	6.366	-8.8
2534	MRX-2843	6.376	-9.3
2535	N6022	6.386	-9.2
2536	CEP-37440	6.393	-8.9
2537	pacritinib	6.396	-3.5
2538	tenalisib	6.414	-9.4
2539	XE-991	6.415	-9.2
2540	mizolastine	6.432	-12.3
2541	KPT-9274	6.435	-12.2
2542	PK-THPP	6.439	-12.1
2543	esaxerenone	6.446	-11.0
2544	UNC1999	6.447	-8.0
2545	SR-3576	6.458	-11.1
2546	palmatine-chloride	6.463	-8.8
2547	SC-236	6.468	-9.4
2548	PLX51107	6.470	-9.9
2549	naltrindole	6.474	-10.9
2550	apabetalone	6.480	-8.6
2551	GNTI	6.481	-10.1
2552	selexipag	6.497	-9.6
2553	UNC2250	6.501	-9.1
2554	RGB-286638	6.509	-10.4
2555	almitrine	6.512	-8.4
2556	LEQ506	6.566	-9.6
2557	homidium	6.577	-9.5
2558	cinalukast	6.601	-10.2
2559	lonafarnib	6.601	-11.1
2560	AC-261066	6.639	-8.2
2561	soraprazan	6.642	-8.9
2562	BMS-986158	6.672	-6.4
2563	eltanexor	6.706	-11.1
2564	anamorelin	6.707	-9.3
2565	aurora-a-inhibitor-i	6.739	-12.6
2566	SEW-2871	6.790	-11.6
2567	tosufloxacin	6.795	-9.7
2568	APcK-110	6.798	-10.4
2569	_CP-945_598_	6.798	-10.1
2570	zosuquidar	6.843	-11.7
2571	veliflapon	6.860	-11.4
2572	dacomitinib	6.893	-9.8
2573	TC-I-2014	6.925	-12.2
2574	bitopertin	6.963	-10.6
2575	GSK2816126	6.978	-8.7
2576	adoprazine	6.994	-11.4
2577	icotinib	7.029	-9.2
2578	bedaquiline	7.056	-8.7
2579	LY2828360	7.132	-8.1
2580	PF-03814735	7.152	-11.1
2581	YM-201636	7.156	-11.8
2582	MJ-15	7.186	-9.4
2583	atorvastatin	7.190	-6.8
2584	KPT-276	7.212	-11.0
2585	BMY-45778	7.219	-9.6
2586	GSK503	7.220	-8.9
2587	sarafloxacin	7.243	-9.8
2588	doramapimod	7.260	-8.9
2589	mavatrep	7.287	-12.3
2590	montelukast	7.291	-10.9
2591	yoda-1	7.296	-8.5
2592	azilsartan-medoxomil	7.317	-9.0
2593	UNC2025	7.348	-8.8
2594	quiflapon	7.366	-10.3
2595	sograzepide	7.403	-9.5
2596	reserpine	7.403	-7.7
2597	ziritaxestat	7.408	-6.3
2598	rupatadine	7.453	-10.5
2599	AZD8055	7.460	-4.4
2600	AVE-0991	7.487	-8.6
2601	MK-886	7.521	-7.9
2602	ergotamine	7.539	-7.3
2603	PD-161570	7.544	-9.2
2604	dihydroergocristine	7.558	-4.9
2605	Rec-15_2615	7.571	-9.5
2606	fosaprepitant-dimeglumine	7.592	-9.7
2607	avanafil	7.650	-9.1
2608	MK-8617	7.655	-9.8
2609	ritanserin	7.656	-10.7
2610	C-021	7.708	-8.6
2611	purmorphamine	7.720	-10.8
2612	WAY-600	7.765	-11.9
2613	dasabuvir	7.812	-8.9
2614	BAY1217389	7.867	-10.1
2615	ABT-072	7.893	-8.6
2616	licofelone	7.897	-9.9
2617	BIBU-1361	7.905	-10.1
2618	eact	7.958	-5.8
2619	loratadine	7.979	-8.9
2620	GPBAR-A	8.011	-8.2
2621	ETC-206	8.026	-10.0
2622	OTS167	8.086	-9.2
2623	telcagepant	8.086	-10.8
2624	FK-888	8.092	-10.4
2625	HKI-357	8.108	-9.4
2626	PPT	8.193	-8.6
2627	LXS196	8.237	-8.6
2628	pelitinib	8.296	-8.8
2629	UNC0646	8.312	-9.4
2630	IOWH032	8.358	-11.1
2631	TEN-010	8.360	-8.6
2632	GSK650394	8.367	-10.9
2633	indinavir	8.368	-9.3
2634	UNC0224	8.390	-7.3
2635	blonanserin	8.450	-9.3
2636	bosentan	8.496	-9.3
2637	EPZ011989	8.532	-9.4
2638	UNC0321	8.545	-7.8
2639	NS-5806	8.551	-8.1
2640	afatinib	8.610	-9.5
2641	UNC0737	8.617	-9.5
2642	amcasertib	8.784	-7.5
2643	apixaban	8.863	-8.8
2644	NVP-BSK805	8.875	-10.6
2645	AR-12	8.893	-9.3
2646	ITI214	8.980	-9.8
2647	BMS-986142	9.060	-10.2
2648	BMS-935177	9.102	-10.7
2649	belizatinib	9.138	-11.2
2650	Mps-BAY-2a	9.203	-10.2
2651	yohimbine	9.225	-9.6
2652	EPZ005687	9.250	-10.6
2653	MK-4074	9.251	-9.2
2654	lusutrombopag	9.273	-9.8
2655	entrectinib	9.285	-12.2
2656	UNC0642	9.289	-9.7
2657	TAK-901	9.310	-11.5
2658	PA-452	9.326	-8.6
2659	tazemetostat	9.428	-10.0
2660	avoralstat	9.581	-9.4
2661	XL388	9.777	-7.0
2662	telmisartan	9.927	-10.4
2663	FR-122047	9.973	-8.6
2664	netupitant	10.024	-9.8
2665	tazarotene	10.163	-10.2
2666	AV-608	10.191	-9.7
2667	GDC-0810	10.217	-8.5
2668	BGT226	10.236	-4.0
2669	milademetan	10.404	-9.1
2670	ENMD-2076	10.463	-10.5
2671	SAR-245409	10.540	-12.4
2672	exherin	10.576	-0.6
2673	AZD2014	10.581	-9.2
2674	ivosidenib	10.587	-8.9
2675	PI3K-IN-2	10.612	-8.6
2676	edoxaban	10.689	-8.7
2677	deracoxib	10.724	-8.8
2678	WYE-687	10.741	-10.0
2679	cabergoline	10.762	-8.2
2680	BAG-956	10.762	-6.8
2681	T-0156	10.766	-7.1
2682	MK-0893	10.792	-10.4
2683	GDC-0084	10.824	-9.6
2684	WYE-354	10.904	-8.6
2685	CH5132799	10.939	-8.8
2686	BIX-01294	10.941	-10.7
2687	celecoxib	10.980	-9.8
2688	SB-2343	11.133	-9.2
2689	LY2228820	11.139	-10.0
2690	CC-223	11.164	-10.2
2691	AZ20	11.274	-8.0
2692	PRN1371	11.316	-8.7
2693	pirozadil	11.334	-9.3
2694	NIDA-41020	11.338	-9.2
2695	LY2784544	11.478	-10.7
2696	ABBV-744	11.482	-9.7
2697	AM-251	11.561	-9.6
2698	AM-281	11.572	-9.4
2699	rimonabant	11.592	-10.0
2700	torin-1	11.666	-6.7
2701	firsocostat	11.725	-5.9
2702	BAY-1895344	11.753	-7.8
2703	NVP-BEZ235	11.763	-7.5
2704	EGF816	11.840	-8.6
2705	PI3Kd-IN-2	11.853	-9.7
2706	NVP-AUY922	11.885	-9.0
2707	GP1a	12.064	-10.9
2708	I-BRD9	12.070	-10.6
2709	ixabepilone	12.165	-3.7
2710	PDD-00017273	12.198	-9.0
2711	BMS-214662	12.211	-8.7
2712	epothilone-A	12.251	-6.1
2713	APY0201	12.260	-10.0
2714	epothilone-B	12.280	-5.8
2715	avapritinib	12.478	-7.7
2716	ETP-46464	12.644	-4.8
2717	GANT-58	12.667	-6.3
2718	TMC647055	12.764	15.0
2719	ARQ-092	12.820	-10.7
2720	GP2a	13.012	-10.0
2721	vorapaxar	13.027	-9.7
2722	G-749	13.028	-10.7
2723	PI-103	13.042	-9.8
2724	bromocriptine	13.124	-7.4
2725	AMG-510	13.189	-4.3
2726	lorlatinib	13.217	-6.9
2727	meclinertant	13.233	-9.9
2728	pyronaridine	13.259	-9.4
2729	elagolix	13.284	-7.9
2730	TC-NTR1-17	13.335	-8.6
2731	tipifarnib	13.438	-7.2
2732	dihydroergotamine	13.483	-6.2
2733	propidium-iodide	13.513	-8.9
2734	PHTPP	13.581	-8.8
2735	PF-4981517	13.702	-7.8
2736	KU-0063794	13.805	-3.9
2737	BMS-207940	13.863	-9.5
2738	trequinsin	13.865	-8.4
2739	dipyridamole	13.893	-2.7
2740	siremadlin	13.917	-5.2
2741	ruboxistaurin	13.938	-2.7
2742	ML228	14.068	-11.0
2743	BQ-123	14.083	-3.6
2744	karenitecin	14.216	-9.2
2745	buparlisib	14.349	-9.0
2746	tadalafil	14.423	-10.7
2747	BMS-688521	14.486	-7.3
2748	clofazimine	14.509	-8.8
2749	midostaurin	14.596	-1.9
2750	7-hydroxystaurosporine	14.660	-3.2
2751	MRS-1220	14.769	-10.3
2752	neurodazine	14.781	-10.9
2753	mangafodipir	14.845	-3.9
2754	ZSTK-474	14.876	-8.0
2755	NDT-9513727	15.099	-9.6
2756	remimazolam	15.279	-7.6
2757	protoporphyrin-IX	15.397	8.6
2758	OTX015	15.629	-8.1
2759	alisertib	15.727	-6.6
2760	INCB-057643	15.831	-8.2
2761	repotrectinib	15.878	-7.7
2762	BAY-1436032	15.886	-10.5
2763	JQ1-___	16.115	-8.4
2764	deserpidine	16.190	-9.5
2765	selitrectinib	16.250	-5.7
2766	I-BET-762	16.433	-8.9
2767	CB-5083	16.669	-8.6
2768	chlorophyllin	16.854	1.8
2769	torin-2	16.945	-10.0
2770	baloxavir-marboxil	17.021	-5.5
2771	AZD9496	17.231	-9.5
2772	epothilone-D	17.510	-4.5
2773	MIW-815	17.767	3.0
2774	clotrimazole	17.969	-7.5
2775	BMS-309403	18.017	-10.1
2776	baloxavir	19.091	-6.6
