cid	smiles	pchembl	n_records	types	heavy	verdict	max_tc	nearest_active	in_domain
CHEMBL106	OC(Cn1cncn1)(Cn1cncn1)c1ccc(F)cc1F	6.905	8	IC50|Kd	22	near-known	1.0	fluconazole	True
CHEMBL638	C[C@@H](c1ncncc1F)[C@](O)(Cn1cncn1)c1ccc(F)cc1F	6.485	2	IC50|Kd	25	near-known	1.0	voriconazole	True
CHEMBL1397	CC[C@@H]([C@H](C)O)n1ncn(-c2ccc(N3CCN(c4ccc(OC[C@@H]5CO[C@@](Cn6cncn6)(c6ccc(F)cc6F)C5)cc4)CC3)cc2)c1=O	7.09	1	Kd	51	out-of-domain	1.0	posaconazole	False
CHEMBL157101	CC(=O)N1CCN(c2ccc(OCC3COC(Cn4ccnc4)(c4ccc(Cl)cc4Cl)O3)cc2)CC1	6.89	1	IC50	36	near-known	1.0	ketoconazole	True
CHEMBL1236677	O=C(N[C@@H](Cn1ccnc1)c1ccc(Cl)cc1Cl)c1ccc(-c2nnc(-c3ccccc3)o2)cc1	6.57	2	IC50|Kd	35	in-envelope-novel	0.416	fenticonazole	True
CHEMBL4126063	O=C(N[C@@H](Cn1ccnc1)c1ccc(Cl)cc1Cl)c1ccc(-c2nnc(-c3cc(F)cc(-c4ncncc4F)c3)o2)cc1	7.02	1	Kd	43	in-envelope-novel	0.337	miconazole	True
CHEMBL4127493	O=C(N[C@@H](Cn1ccnc1)c1ccc(Cl)cc1Cl)c1ccc(-c2nnc(-c3ccc(C(F)(F)F)c(F)c3)o2)cc1	7.89	1	Kd	40	in-envelope-novel	0.362	miconazole	True
CHEMBL4128615	O=C(N[C@@H](Cn1ccnc1)c1ccc(Cl)cc1Cl)c1ccc(-c2nnc(-c3cc(F)cc(-c4ccccn4)c3)o2)cc1	7.6	1	Kd	42	in-envelope-novel	0.345	miconazole	True
CHEMBL4128885	O=C(N[C@@H](Cn1ccnc1)c1ccc(Cl)cc1Cl)c1ccc(-c2nnc(-c3ccc(OCC(F)(F)F)cc3F)o2)cc1	8.0	1	Kd	42	in-envelope-novel	0.345	miconazole	True
CHEMBL4129161	O=C(N[C@@H](Cn1ccnc1)c1ccc(Cl)cc1Cl)c1ccc(-c2nnc(-c3ccc(F)c(F)c3)o2)cc1	7.89	1	Kd	37	in-envelope-novel	0.392	miconazole	True
CHEMBL4757634	CC(NC(=O)c1cccc2ccccc12)C(=O)NC(Cn1ccnc1)C(=O)c1ccccc1	6.27	1	IC50	33	in-envelope-novel	0.26	butoconazole	True
CHEMBL4764357	O=C(NC(Cn1ccnc1)C(=O)NCc1ccncc1)c1ccc2ccccc2c1	5.94	1	IC50	30	in-envelope-novel	0.272	fenticonazole	True
CHEMBL5088292	O=C(/C=C/c1cccc2ccccc12)NC(Cn1cncn1)c1ccccc1	6.68	1	IC50	28	in-envelope-novel	0.25	fluconazole	True
CHEMBL5094280	O=C(/C=C/c1ccc2ccccc2c1)NC(Cn1cncn1)C(=O)c1ccccc1	6.49	1	IC50	30	in-envelope-novel	0.243	fluconazole	True
CHEMBL5180750	O=C(N[C@H](Cc1ccccc1)Cn1cncn1)c1ccc2c(c1)OCCO2	6.45	1	IC50	27	in-envelope-novel	0.243	fluconazole	True
CHEMBL5187700	COc1ccc2cc([C@H](C)C(=O)NC(Cn3cncn3)C(=O)c3ccccc3)ccc2c1	7.1	1	IC50	32	in-envelope-novel	0.242	isavuconazole	True
CHEMBL5195879	CC(C)NC(=O)[C@@H](Cn1ccnc1)NC(=O)[C@@H](C)c1cccc(C(=O)c2ccccc2)c1	6.82	1	IC50	32	in-envelope-novel	0.286	bifonazole	True
CHEMBL5197095	CC(C)OC(=O)[C@@H](Cn1cncn1)NC(=O)[C@@H](C)c1cccc(C(=O)c2ccccc2)c1	6.7	1	IC50	32	in-envelope-novel	0.238	voriconazole	True
CHEMBL5206822	CC(C)[C@H](NC(=O)c1cccc2c1OCCO2)C(=O)N[C@@H](Cn1cncn1)c1ccccc1	6.66	1	IC50	33	in-envelope-novel	0.22	efinaconazole	True
CHEMBL5219013	C[C@H](C(=O)N(C)CC(O)(Cn1ccnc1)c1ccc(Cl)cc1)c1ccc(-c2ccccc2)c(F)c1	6.72	1	IC50	35	in-envelope-novel	0.289	butoconazole	True
CHEMBL5219227	C[C@H](C(=O)N(C)CC(O)(Cn1ccnc1)c1ccc(Cl)cc1Cl)c1cccc(C(=O)c2ccccc2)c1	6.8	1	IC50	37	in-envelope-novel	0.307	fenticonazole	True
CHEMBL5220891	C[C@H](C(=O)OC(Cn1ccnc1)c1ccc(F)cc1)c1ccc(-c2ccccc2)c(F)c1	6.46	1	IC50	32	in-envelope-novel	0.309	fenticonazole	True
CHEMBL5403026	CC(=O)c1ccc(C(=O)N2CCC(NC(=O)c3nc(-n4cncn4)c4ccccc4n3)CC2)cc1	6.58	1	IC50	35	in-envelope-novel	0.174	efinaconazole	True
CHEMBL5411444	Cc1c(CN2CCCC(C(=O)N[C@H](Cn3cncn3)C(=O)OC(C)C)C2)cccc1-c1ccccc1	6.5	1	IC50	36	in-envelope-novel	0.224	efinaconazole	True
CHEMBL5411746	CC(C)OC(=O)[C@@H](Cn1ccnc1)NC(=O)C1CCCN(C(=O)c2cccc(-c3ccccc3)c2)C1	6.39	1	IC50	36	in-envelope-novel	0.253	butoconazole	True
CHEMBL5411858	CC(C)c1ccc(C(=O)N2CCC(NC(=O)c3nc(-n4ccnc4)c4ccccc4n3)CC2)cc1	6.69	1	IC50	35	in-envelope-novel	0.233	bifonazole	True
CHEMBL5424058	CC(=O)c1ccc(NC(=O)c2nc(-n3ccnc3)c3ccccc3n2)cc1	6.05	1	IC50	27	in-envelope-novel	0.226	bifonazole	True
CHEMBL5432092	COC(=O)[C@@H](Cn1cncn1)NCc1cccc(OCc2cccc(-c3ccccc3)c2C)c1	6.77	1	IC50	34	in-envelope-novel	0.22	voriconazole	True
CHEMBL5555392	CC(=O)N1CCN(c2ccc(NCC3COC(Cn4ccnc4)(c4ccc(Cl)cc4Cl)O3)cc2)CC1	7.37	1	IC50	36	near-known	0.776	ketoconazole	True
CHEMBL5561168	Cc1c(CN2CCC(NCC(O)(Cn3ccnc3)c3ccc(Cl)cc3Cl)CC2)cccc1-c1ccccc1	6.8	1	IC50	38	in-envelope-novel	0.295	oxiconazole	True
CHEMBL5562102	Cc1c(CN2CCC(NCC(O)(Cn3cncn3)c3ccc(Cl)cc3)CC2)cccc1-c1ccccc1	6.95	1	IC50	37	in-envelope-novel	0.282	fluconazole	True
CHEMBL5566404	Cc1c(CN2CCCC(C(=O)NCC(O)(Cn3cncn3)c3ccc(Cl)cc3)C2)cccc1-c1ccccc1	6.59	1	IC50	39	in-envelope-novel	0.259	fluconazole	True
CHEMBL5591229	CC(C)(C)OC(=O)N1CCC(n2cc(-c3noc(N)c3C(=O)NCc3ccccc3)cn2)CC1	6.3	1	IC50	34	in-envelope-novel	0.137	ketoconazole	True
