isolate_key	fks1_call	fks1_resistance_source	run_acc	target_creation_date
PDT003176094	D642Y	sra-fks1-recaller:HS1=called,HS2=wild-type,HS3=wild-type	SRR38082511	2026-04-13
PDT003178202		sra-fks1-recaller:HS1=wild-type,HS2=wild-type,HS3=wild-type	SRR38101205	2026-04-14
PDT003178211		sra-fks1-recaller:HS1=wild-type,HS2=wild-type,HS3=wild-type	SRR38101214	2026-04-14
PDT003178866	M690I	sra-fks1-recaller:HS1=wild-type,HS2=wild-type,HS3=called	SRR38119706	2026-04-15
PDT003178898		sra-fks1-recaller:HS1=wild-type,HS2=wild-type,HS3=wild-type	SRR38119985	2026-04-15
PDT003178902		sra-fks1-recaller:HS1=wild-type,HS2=wild-type,HS3=wild-type	SRR38119989	2026-04-15
PDT003180436		sra-fks1-recaller:HS1=wild-type,HS2=wild-type,HS3=wild-type	SRR38158141	2026-04-17
PDT003180439		sra-fks1-recaller:HS1=wild-type,HS2=wild-type,HS3=wild-type	SRR38158144	2026-04-17
PDT003180440		sra-fks1-recaller:HS1=wild-type,HS2=wild-type,HS3=wild-type	SRR38158145	2026-04-17
PDT003180583		sra-fks1-recaller:HS1=wild-type,HS2=wild-type,HS3=wild-type	SRR38169994	2026-04-17
PDT003180585		sra-fks1-recaller:HS1=wild-type,HS2=wild-type,HS3=wild-type	SRR38169996	2026-04-17
PDT003180591		sra-fks1-recaller:HS1=wild-type,HS2=wild-type,HS3=wild-type	SRR38170002	2026-04-17
PDT003180609		sra-fks1-recaller:HS1=wild-type,HS2=wild-type,HS3=wild-type	SRR38170020	2026-04-17
PDT003180610		sra-fks1-recaller:HS1=wild-type,HS2=wild-type,HS3=wild-type	SRR38170021	2026-04-17
PDT003180614		sra-fks1-recaller:HS1=wild-type,HS2=wild-type,HS3=wild-type	SRR38170025	2026-04-17
PDT003180643		sra-fks1-recaller:HS1=wild-type,HS2=wild-type,HS3=wild-type	SRR38170054	2026-04-17
PDT003183783		sra-fks1-recaller:HS1=wild-type,HS2=wild-type,HS3=wild-type	SRR38090032	2026-04-21
PDT003183791		sra-fks1-recaller:HS1=wild-type,HS2=wild-type,HS3=wild-type	SRR38090040	2026-04-21
PDT003183815		sra-fks1-recaller:HS1=wild-type,HS2=wild-type,HS3=wild-type	SRR38090064	2026-04-21
PDT003183820		sra-fks1-recaller:HS1=wild-type,HS2=wild-type,HS3=wild-type	SRR38090069	2026-04-21
PDT003183919		sra-fks1-recaller:HS1=wild-type,HS2=wild-type,HS3=wild-type	SRR38209466	2026-04-21
PDT003183920		sra-fks1-recaller:HS1=wild-type,HS2=wild-type,HS3=wild-type	SRR38209467	2026-04-21
PDT003183985		sra-fks1-recaller:HS1=wild-type,HS2=wild-type,HS3=wild-type	SRR38211847	2026-04-21
PDT003183996		sra-fks1-recaller:HS1=wild-type,HS2=wild-type,HS3=wild-type	SRR38211858	2026-04-21
PDT003183997		sra-fks1-recaller:HS1=wild-type,HS2=wild-type,HS3=wild-type	SRR38211859	2026-04-21
PDT003187190		sra-fks1-recaller:HS1=wild-type,HS2=wild-type,HS3=wild-type	SRR38259628	2026-04-24
PDT003191434		sra-fks1-recaller:HS1=wild-type,HS2=wild-type,HS3=wild-type	SRR38303269	2026-04-28
PDT003191442		sra-fks1-recaller:HS1=wild-type,HS2=wild-type,HS3=wild-type	SRR38303277	2026-04-28
PDT003191453		sra-fks1-recaller:HS1=wild-type,HS2=wild-type,HS3=wild-type	SRR38303288	2026-04-28
PDT003192914		sra-fks1-recaller:HS1=wild-type,HS2=wild-type,HS3=wild-type	SRR38324431	2026-04-29
PDT003192915		sra-fks1-recaller:HS1=wild-type,HS2=wild-type,HS3=wild-type	SRR38324432	2026-04-29
PDT003192916		sra-fks1-recaller:HS1=wild-type,HS2=wild-type,HS3=wild-type	SRR38324433	2026-04-29
PDT003192925		sra-fks1-recaller:HS1=wild-type,HS2=wild-type,HS3=wild-type	SRR38324442	2026-04-29
PDT003192930		sra-fks1-recaller:HS1=wild-type,HS2=wild-type,HS3=wild-type	SRR38324447	2026-04-29
PDT003193344		sra-fks1-recaller:HS1=wild-type,HS2=wild-type,HS3=wild-type	SRR38329712	2026-04-30
PDT003193365		sra-fks1-recaller:HS1=wild-type,HS2=wild-type,HS3=wild-type	SRR38330366	2026-04-30
PDT003193373		sra-fks1-recaller:HS1=wild-type,HS2=wild-type,HS3=wild-type	SRR38330374	2026-04-30
PDT003195443		sra-fks1-recaller:HS1=wild-type,HS2=wild-type,HS3=wild-type	SRR38352374	2026-05-01
PDT003195457		sra-fks1-recaller:HS1=wild-type,HS2=wild-type,HS3=wild-type	SRR38352388	2026-05-01
PDT003195541	P643H	sra-fks1-recaller:HS1=called,HS2=wild-type,HS3=wild-type	SRR38354025	2026-05-01
PDT003195550		sra-fks1-recaller:HS1=wild-type,HS2=wild-type,HS3=wild-type	SRR38354034	2026-05-01
PDT003195565		sra-fks1-recaller:HS1=wild-type,HS2=wild-type,HS3=wild-type	SRR38354049	2026-05-01
PDT003204456		sra-fks1-recaller:HS1=wild-type,HS2=wild-type,HS3=wild-type	SRR37314330	2026-05-07
PDT003204462		sra-fks1-recaller:HS1=wild-type,HS2=wild-type,HS3=wild-type	SRR37314336	2026-05-07
PDT003204478		sra-fks1-recaller:HS1=wild-type,HS2=wild-type,HS3=wild-type	SRR37314352	2026-05-07
PDT003204491		sra-fks1-recaller:HS1=wild-type,HS2=wild-type,HS3=wild-type	SRR37314365	2026-05-07
PDT003206071		sra-fks1-recaller:HS1=wild-type,HS2=wild-type,HS3=wild-type	SRR38463726	2026-05-08
PDT003206078		sra-fks1-recaller:HS1=wild-type,HS2=wild-type,HS3=wild-type	SRR38466519	2026-05-08
PDT003206116		sra-fks1-recaller:HS1=wild-type,HS2=wild-type,HS3=wild-type	SRR38465215	2026-05-08
PDT003206124		sra-fks1-recaller:HS1=wild-type,HS2=wild-type,HS3=wild-type	SRR38466514	2026-05-08
PDT003206140	R641G	sra-fks1-recaller:HS1=called,HS2=wild-type,HS3=wild-type	SRR38466531	2026-05-08
PDT003209690		sra-fks1-recaller:HS1=wild-type,HS2=wild-type,HS3=wild-type	SRR38506302	2026-05-11
PDT003209827		sra-fks1-recaller:HS1=wild-type,HS2=wild-type,HS3=wild-type	SRR38510444	2026-05-11
PDT003209828		sra-fks1-recaller:HS1=wild-type,HS2=wild-type,HS3=wild-type	SRR38510445	2026-05-11
PDT003211690		sra-fks1-recaller:HS1=wild-type,HS2=wild-type,HS3=wild-type	SRR38528507	2026-05-12
PDT003211699		sra-fks1-recaller:HS1=wild-type,HS2=wild-type,HS3=wild-type	SRR38528516	2026-05-12
PDT003211701		sra-fks1-recaller:HS1=wild-type,HS2=wild-type,HS3=wild-type	SRR38528518	2026-05-12
PDT003211707		sra-fks1-recaller:HS1=wild-type,HS2=wild-type,HS3=wild-type	SRR38528524	2026-05-12
PDT003211712		sra-fks1-recaller:HS1=wild-type,HS2=wild-type,HS3=wild-type	SRR38528529	2026-05-12
PDT003215736		sra-fks1-recaller:HS1=wild-type,HS2=wild-type,HS3=wild-type	SRR38632284	2026-05-15
PDT003215911		sra-fks1-recaller:HS1=wild-type,HS2=wild-type,HS3=wild-type	SRR38634990	2026-05-15
PDT003215916		sra-fks1-recaller:HS1=wild-type,HS2=wild-type,HS3=wild-type	SRR38634995	2026-05-15
PDT003219415		sra-fks1-recaller:HS1=wild-type,HS2=wild-type,HS3=wild-type	SRR38693751	2026-05-18
PDT003219667		sra-fks1-recaller:HS1=wild-type,HS2=wild-type,HS3=wild-type	SRR38711553	2026-05-18
PDT003219798		sra-fks1-recaller:HS1=wild-type,HS2=wild-type,HS3=wild-type	SRR38751968	2026-05-19
PDT003219799		sra-fks1-recaller:HS1=wild-type,HS2=wild-type,HS3=wild-type	SRR38752116	2026-05-19
PDT003220619		sra-fks1-recaller:HS1=wild-type,HS2=wild-type,HS3=wild-type	SRR38770660	2026-05-20
PDT003220633		sra-fks1-recaller:HS1=wild-type,HS2=wild-type,HS3=wild-type	SRR38770859	2026-05-20
PDT003220646		sra-fks1-recaller:HS1=wild-type,HS2=wild-type,HS3=wild-type	SRR38770872	2026-05-20
PDT003221939		sra-fks1-recaller:HS1=wild-type,HS2=wild-type,HS3=wild-type	SRR38787791	2026-05-21
PDT003221940		sra-fks1-recaller:HS1=wild-type,HS2=wild-type,HS3=wild-type	SRR38787792	2026-05-21
PDT003223764		sra-fks1-recaller:HS1=wild-type,HS2=wild-type,HS3=wild-type	SRR38802214	2026-05-22
PDT003223879		sra-fks1-recaller:HS1=wild-type,HS2=wild-type,HS3=wild-type	SRR38807244	2026-05-22
PDT003223912		sra-fks1-recaller:HS1=wild-type,HS2=wild-type,HS3=wild-type	SRR38807281	2026-05-22
PDT003223913		sra-fks1-recaller:HS1=wild-type,HS2=wild-type,HS3=wild-type	SRR38807283	2026-05-22
PDT003226182		sra-fks1-recaller:HS1=wild-type,HS2=wild-type,HS3=wild-type	SRR38842641	2026-05-26
PDT003226627		sra-fks1-recaller:HS1=wild-type,HS2=wild-type,HS3=wild-type	SRR38870350	2026-05-27
PDT003229680		sra-fks1-recaller:HS1=wild-type,HS2=wild-type,HS3=wild-type	SRR38906259	2026-05-29
PDT003229682		sra-fks1-recaller:HS1=wild-type,HS2=wild-type,HS3=wild-type	SRR38906261	2026-05-29
PDT003229738		sra-fks1-recaller:HS1=wild-type,HS2=wild-type,HS3=wild-type	SRR38908326	2026-05-29
PDT003229745		sra-fks1-recaller:HS1=wild-type,HS2=wild-type,HS3=wild-type	SRR38908333	2026-05-29
PDT003229749		sra-fks1-recaller:HS1=wild-type,HS2=wild-type,HS3=wild-type	SRR38908337	2026-05-29
PDT003240436		sra-fks1-recaller:HS1=wild-type,HS2=wild-type,HS3=wild-type	SRR38977678	2026-06-04
PDT003241914		sra-fks1-recaller:HS1=wild-type,HS2=wild-type,HS3=wild-type	SRR39023267	2026-06-05
PDT003245333		sra-fks1-recaller:HS1=wild-type,HS2=wild-type,HS3=wild-type	SRR39048681	2026-06-08
PDT003245334		sra-fks1-recaller:HS1=wild-type,HS2=wild-type,HS3=wild-type	SRR39048682	2026-06-08
PDT003246379		sra-fks1-recaller:HS1=wild-type,HS2=wild-type,HS3=wild-type	SRR39080555	2026-06-09
PDT003246382		sra-fks1-recaller:HS1=wild-type,HS2=wild-type,HS3=wild-type	SRR39080558	2026-06-09
PDT003246383		sra-fks1-recaller:HS1=wild-type,HS2=wild-type,HS3=wild-type	SRR39080559	2026-06-09
PDT003246396		sra-fks1-recaller:HS1=wild-type,HS2=wild-type,HS3=wild-type	SRR39080572	2026-06-09
PDT003248865		sra-fks1-recaller:HS1=wild-type,HS2=wild-type,HS3=wild-type	SRR39115912	2026-06-11
PDT003248866		sra-fks1-recaller:HS1=wild-type,HS2=wild-type,HS3=wild-type	SRR39115913	2026-06-11
PDT003248878		sra-fks1-recaller:HS1=wild-type,HS2=wild-type,HS3=wild-type	SRR39115925	2026-06-11
PDT003249518		sra-fks1-recaller:HS1=wild-type,HS2=wild-type,HS3=wild-type	SRR39133070	2026-06-12
PDT003249520		sra-fks1-recaller:HS1=wild-type,HS2=wild-type,HS3=wild-type	SRR39133072	2026-06-12
PDT003249537		sra-fks1-recaller:HS1=wild-type,HS2=wild-type,HS3=wild-type	SRR39133089	2026-06-12
PDT003249677		sra-fks1-recaller:HS1=wild-type,HS2=wild-type,HS3=wild-type	SRR39134442	2026-06-12
PDT003249678		sra-fks1-recaller:HS1=wild-type,HS2=wild-type,HS3=wild-type	SRR39134443	2026-06-12
PDT003249683		sra-fks1-recaller:failed(Command '['samtools'; 'sort'; '-o'; '/tmp/fks1_recall_SRR39134448_y2t0jo6a/aln.s)	SRR39134448	2026-06-12
PDT003249684		sra-fks1-recaller:HS1=wild-type,HS2=wild-type,HS3=wild-type	SRR39134449	2026-06-12
PDT003249693	S639F	sra-fks1-recaller:HS1=called,HS2=wild-type,HS3=wild-type	SRR39134458	2026-06-12
PDT003252619		sra-fks1-recaller:HS1=wild-type,HS2=wild-type,HS3=wild-type	SRR39153481	2026-06-15
PDT003252621		sra-fks1-recaller:HS1=wild-type,HS2=wild-type,HS3=wild-type	SRR39153483	2026-06-15
PDT003252626		sra-fks1-recaller:HS1=wild-type,HS2=wild-type,HS3=wild-type	SRR39153488	2026-06-15
PDT003252629		sra-fks1-recaller:HS1=wild-type,HS2=wild-type,HS3=wild-type	SRR39153491	2026-06-15
PDT003252634		sra-fks1-recaller:HS1=wild-type,HS2=wild-type,HS3=wild-type	SRR39153496	2026-06-15
PDT003252637		sra-fks1-recaller:HS1=wild-type,HS2=wild-type,HS3=wild-type	SRR39153499	2026-06-15
PDT003252641		sra-fks1-recaller:HS1=wild-type,HS2=wild-type,HS3=wild-type	SRR39153503	2026-06-15
PDT003252650		sra-fks1-recaller:HS1=wild-type,HS2=wild-type,HS3=wild-type	SRR39153512	2026-06-15
PDT003252677		sra-fks1-recaller:HS1=wild-type,HS2=wild-type,HS3=wild-type	SRR39153539	2026-06-15
PDT003252696		sra-fks1-recaller:HS1=wild-type,HS2=wild-type,HS3=wild-type	SRR39153558	2026-06-15
PDT003252698		sra-fks1-recaller:HS1=wild-type,HS2=wild-type,HS3=wild-type	SRR39153560	2026-06-15
PDT003252764		sra-fks1-recaller:HS1=wild-type,HS2=wild-type,HS3=wild-type	SRR39153626	2026-06-15
PDT003252768		sra-fks1-recaller:HS1=wild-type,HS2=wild-type,HS3=wild-type	SRR39153630	2026-06-15
PDT003252778		sra-fks1-recaller:HS1=wild-type,HS2=wild-type,HS3=wild-type	SRR39153640	2026-06-15
PDT003252802		sra-fks1-recaller:HS1=wild-type,HS2=wild-type,HS3=wild-type	SRR39153664	2026-06-15
PDT003252813		sra-fks1-recaller:HS1=wild-type,HS2=wild-type,HS3=wild-type	SRR39153675	2026-06-15
PDT003252843		sra-fks1-recaller:HS1=wild-type,HS2=wild-type,HS3=wild-type	SRR39153705	2026-06-15
PDT003252858		sra-fks1-recaller:HS1=wild-type,HS2=wild-type,HS3=wild-type	SRR39153720	2026-06-15
PDT003252859		sra-fks1-recaller:HS1=wild-type,HS2=wild-type,HS3=wild-type	SRR39153721	2026-06-15
PDT003252862	F635L	sra-fks1-recaller:HS1=called,HS2=wild-type,HS3=wild-type	SRR39153724	2026-06-15
PDT003252880		sra-fks1-recaller:HS1=wild-type,HS2=wild-type,HS3=wild-type	SRR39153742	2026-06-15
PDT003253834		sra-fks1-recaller:HS1=wild-type,HS2=wild-type,HS3=wild-type	SRR39178285	2026-06-16
PDT003253837		sra-fks1-recaller:HS1=wild-type,HS2=wild-type,HS3=wild-type	SRR39178941	2026-06-16
PDT003253959		sra-fks1-recaller:HS1=wild-type,HS2=wild-type,HS3=wild-type	SRR39183203	2026-06-16
PDT003256601		sra-fks1-recaller:HS1=wild-type,HS2=wild-type,HS3=wild-type	SRR39219756	2026-06-18
PDT003257197		sra-fks1-recaller:HS1=wild-type,HS2=wild-type,HS3=wild-type	SRR39225773	2026-06-18
PDT003257217		sra-fks1-recaller:HS1=wild-type,HS2=wild-type,HS3=wild-type	SRR39225793	2026-06-18
PDT003257218		sra-fks1-recaller:HS1=wild-type,HS2=wild-type,HS3=wild-type	SRR39225794	2026-06-18
PDT003260276		sra-fks1-recaller:HS1=wild-type,HS2=wild-type,HS3=wild-type	SRR39260347	2026-06-22
PDT003261268		sra-fks1-recaller:HS1=wild-type,HS2=wild-type,HS3=wild-type	SRR39284933	2026-06-23
PDT003262027		sra-fks1-recaller:HS1=wild-type,HS2=wild-type,HS3=wild-type	SRR39298790	2026-06-24
PDT003262030		sra-fks1-recaller:HS1=wild-type,HS2=wild-type,HS3=wild-type	SRR39298793	2026-06-24
PDT003262031		sra-fks1-recaller:HS1=wild-type,HS2=wild-type,HS3=wild-type	SRR39298794	2026-06-24
PDT003263370		sra-fks1-recaller:HS1=wild-type,HS2=wild-type,HS3=wild-type	SRR39327552	2026-06-25
PDT003263371		sra-fks1-recaller:HS1=wild-type,HS2=wild-type,HS3=wild-type	SRR39327553	2026-06-25
PDT003264127	F635L	sra-fks1-recaller:HS1=called,HS2=wild-type,HS3=wild-type	SRR39340913	2026-06-26
PDT003267720		sra-fks1-recaller:HS1=wild-type,HS2=wild-type,HS3=wild-type	SRR39372445	2026-06-29
PDT003268130		sra-fks1-recaller:HS1=wild-type,HS2=wild-type,HS3=wild-type	SRR39378342	2026-06-29
PDT003268132		sra-fks1-recaller:HS1=wild-type,HS2=wild-type,HS3=wild-type	SRR39378344	2026-06-29
PDT003270531		sra-fks1-recaller:HS1=wild-type,HS2=wild-type,HS3=wild-type	SRR39416433	2026-07-01
PDT003270535		sra-fks1-recaller:HS1=wild-type,HS2=wild-type,HS3=wild-type	SRR39416437	2026-07-01
PDT003270538		sra-fks1-recaller:HS1=wild-type,HS2=wild-type,HS3=wild-type	SRR39416440	2026-07-01
PDT003271497		sra-fks1-recaller:HS1=wild-type,HS2=wild-type,HS3=wild-type	SRR39426409	2026-07-02
PDT003271501		sra-fks1-recaller:HS1=wild-type,HS2=wild-type,HS3=wild-type	SRR39426413	2026-07-02
PDT003276209		sra-fks1-recaller:HS1=wild-type,HS2=wild-type,HS3=wild-type	SRR39476552	2026-07-06
PDT003280971		sra-fks1-recaller:HS1=wild-type,HS2=wild-type,HS3=wild-type	SRR39549919	2026-07-09
PDT003280975		sra-fks1-recaller:HS1=wild-type,HS2=wild-type,HS3=wild-type	SRR39549923	2026-07-09
PDT003280978		sra-fks1-recaller:HS1=wild-type,HS2=wild-type,HS3=wild-type	SRR39549926	2026-07-09
PDT003280983		sra-fks1-recaller:HS1=wild-type,HS2=wild-type,HS3=wild-type	SRR39549931	2026-07-09
PDT003281089		sra-fks1-recaller:HS1=wild-type,HS2=wild-type,HS3=wild-type	SRR39550549	2026-07-09
PDT003282900		sra-fks1-recaller:HS1=wild-type,HS2=wild-type,HS3=wild-type	SRR39571088	2026-07-10
PDT003285266		sra-fks1-recaller:HS1=wild-type,HS2=wild-type,HS3=wild-type	SRR39593118	2026-07-13
PDT003287792		sra-fks1-recaller:HS1=wild-type,HS2=wild-type,HS3=wild-type	SRR39643667	2026-07-15
PDT003287800		sra-fks1-recaller:HS1=wild-type,HS2=wild-type,HS3=wild-type	SRR39643675	2026-07-15
PDT003290730		sra-fks1-recaller:HS1=wild-type,HS2=wild-type,HS3=wild-type	SRR39692103	2026-07-17
PDT003292936		sra-fks1-recaller:HS1=wild-type,HS2=wild-type,HS3=wild-type	SRR39733041	2026-07-20
PDT003294130		sra-fks1-recaller:HS1=wild-type,HS2=wild-type,HS3=wild-type	SRR39752077	2026-07-21
PDT003294198		sra-fks1-recaller:HS1=wild-type,HS2=wild-type,HS3=wild-type	SRR39754319	2026-07-21
PDT003294206		sra-fks1-recaller:HS1=wild-type,HS2=wild-type,HS3=wild-type	SRR39754327	2026-07-21
PDT003294209		sra-fks1-recaller:HS1=wild-type,HS2=wild-type,HS3=wild-type	SRR39754330	2026-07-21
PDT003294211		sra-fks1-recaller:HS1=wild-type,HS2=wild-type,HS3=wild-type	SRR39754332	2026-07-21
PDT003295085		sra-fks1-recaller:HS1=wild-type,HS2=wild-type,HS3=wild-type	SRR39766418	2026-07-22
PDT003295265		sra-fks1-recaller:HS1=wild-type,HS2=wild-type,HS3=wild-type	SRR39769231	2026-07-22
PDT003295266		sra-fks1-recaller:HS1=wild-type,HS2=wild-type,HS3=wild-type	SRR39769232	2026-07-22
PDT003297173		sra-fks1-recaller:HS1=wild-type,HS2=wild-type,HS3=wild-type	SRR39780587	2026-07-23
PDT003297219		sra-fks1-recaller:HS1=wild-type,HS2=wild-type,HS3=wild-type	SRR39781151	2026-07-23
PDT003299035		sra-fks1-recaller:HS1=wild-type,HS2=wild-type,HS3=wild-type	SRR39814942	2026-07-24
PDT003299045		sra-fks1-recaller:HS1=wild-type,HS2=wild-type,HS3=wild-type	SRR39814952	2026-07-24
PDT003303618		sra-fks1-recaller:HS1=wild-type,HS2=wild-type,HS3=wild-type	SRR39904756	2026-07-29
PDT003303628		sra-fks1-recaller:HS1=wild-type,HS2=wild-type,HS3=wild-type	SRR39904766	2026-07-29
PDT003307198		sra-fks1-recaller:HS1=wild-type,HS2=wild-type,HS3=wild-type	SRR39949092	2026-07-31
PDT003307206		sra-fks1-recaller:HS1=wild-type,HS2=wild-type,HS3=wild-type	SRR39949100	2026-07-31
PDT003307216		sra-fks1-recaller:HS1=wild-type,HS2=wild-type,HS3=wild-type	SRR39949110	2026-07-31
PDT003307222		sra-fks1-recaller:HS1=wild-type,HS2=wild-type,HS3=wild-type	SRR39949116	2026-07-31
PDT003307235	M690I	sra-fks1-recaller:HS1=wild-type,HS2=wild-type,HS3=called	SRR39949129	2026-07-31
PDT003307237		sra-fks1-recaller:HS1=wild-type,HS2=wild-type,HS3=wild-type	SRR39949131	2026-07-31
PDT003310203		sra-fks1-recaller:HS1=wild-type,HS2=wild-type,HS3=wild-type	SRR39975922	2026-08-03
PDT003310679	S639F	sra-fks1-recaller:HS1=called,HS2=wild-type,HS3=wild-type	SRR39979670	2026-08-03
PDT003310958		sra-fks1-recaller:HS1=wild-type,HS2=wild-type,HS3=wild-type	SRR39981775	2026-08-03
PDT003313268		sra-fks1-recaller:HS1=wild-type,HS2=wild-type,HS3=wild-type	SRR40354260	2026-08-26
PDT003313269	D642Y	sra-fks1-recaller:HS1=called,HS2=wild-type,HS3=wild-type	SRR40354261	2026-08-26
PDT003313646		sra-fks1-recaller:HS1=wild-type,HS2=wild-type,HS3=wild-type	SRR40023913	2026-08-05
PDT003313957		sra-fks1-recaller:HS1=wild-type,HS2=wild-type,HS3=wild-type	SRR40024705	2026-08-05
PDT003313969		sra-fks1-recaller:HS1=wild-type,HS2=wild-type,HS3=wild-type	SRR40024717	2026-08-05
PDT003313980		sra-fks1-recaller:HS1=wild-type,HS2=wild-type,HS3=wild-type	SRR40024729	2026-08-05
PDT003313985	R1354H	sra-fks1-recaller:HS1=wild-type,HS2=called,HS3=wild-type	SRR40024734	2026-08-05
PDT003313986	R1354H	sra-fks1-recaller:HS1=wild-type,HS2=called,HS3=wild-type	SRR40024735	2026-08-05
PDT003316283		sra-fks1-recaller:HS1=wild-type,HS2=wild-type,HS3=wild-type	SRR40048194	2026-08-06
PDT003317174		sra-fks1-recaller:HS1=wild-type,HS2=wild-type,HS3=wild-type	SRR40058564	2026-08-06
PDT003317178		sra-fks1-recaller:HS1=wild-type,HS2=wild-type,HS3=wild-type	SRR40058568	2026-08-06
PDT003317197		sra-fks1-recaller:HS1=wild-type,HS2=wild-type,HS3=wild-type	SRR40058587	2026-08-06
PDT003317738		sra-fks1-recaller:HS1=wild-type,HS2=wild-type,HS3=wild-type	SRR40068910	2026-08-07
PDT003317744		sra-fks1-recaller:HS1=wild-type,HS2=wild-type,HS3=wild-type	SRR40068916	2026-08-07
PDT003317747		sra-fks1-recaller:HS1=wild-type,HS2=wild-type,HS3=wild-type	SRR40068919	2026-08-07
PDT003322331		sra-fks1-recaller:HS1=wild-type,HS2=wild-type,HS3=wild-type	SRR40101859	2026-08-10
PDT003325983		sra-fks1-recaller:HS1=wild-type,HS2=wild-type,HS3=wild-type	SRR40143171	2026-08-12
PDT003328067		sra-fks1-recaller:HS1=wild-type,HS2=wild-type,HS3=wild-type	SRR40153333	2026-08-13
PDT003328069		sra-fks1-recaller:HS1=wild-type,HS2=wild-type,HS3=wild-type	SRR40153335	2026-08-13
PDT003328236		sra-fks1-recaller:HS1=wild-type,HS2=wild-type,HS3=wild-type	SRR40156676	2026-08-13
PDT003328242		sra-fks1-recaller:HS1=wild-type,HS2=wild-type,HS3=wild-type	SRR40156682	2026-08-13
PDT003328247		sra-fks1-recaller:HS1=wild-type,HS2=wild-type,HS3=wild-type	SRR40156687	2026-08-13
PDT003328251		sra-fks1-recaller:HS1=wild-type,HS2=wild-type,HS3=wild-type	SRR40156691	2026-08-13
PDT003328456		sra-fks1-recaller:HS1=wild-type,HS2=wild-type,HS3=wild-type	SRR40157699	2026-08-13
PDT003330200		sra-fks1-recaller:HS1=wild-type,HS2=wild-type,HS3=wild-type	SRR40178170	2026-08-14
PDT003330248		sra-fks1-recaller:HS1=wild-type,HS2=wild-type,HS3=wild-type	SRR40180213	2026-08-14
PDT003330258	R1354H	sra-fks1-recaller:HS1=wild-type,HS2=called,HS3=wild-type	SRR40180223	2026-08-14
PDT003330262		sra-fks1-recaller:HS1=wild-type,HS2=wild-type,HS3=wild-type	SRR40180227	2026-08-14
PDT003330265		sra-fks1-recaller:HS1=wild-type,HS2=wild-type,HS3=wild-type	SRR40180230	2026-08-14
PDT003333319		sra-fks1-recaller:HS1=wild-type,HS2=wild-type,HS3=wild-type	SRR39496342	2026-08-17
PDT003333330		sra-fks1-recaller:HS1=wild-type,HS2=wild-type,HS3=wild-type	SRR39496353	2026-08-17
PDT003333341		sra-fks1-recaller:HS1=wild-type,HS2=wild-type,HS3=wild-type	SRR39496364	2026-08-17
PDT003333412		sra-fks1-recaller:HS1=wild-type,HS2=wild-type,HS3=wild-type	SRR39926953	2026-08-17
PDT003333413		sra-fks1-recaller:HS1=wild-type,HS2=wild-type,HS3=wild-type	SRR39926954	2026-08-17
PDT003333434		sra-fks1-recaller:HS1=wild-type,HS2=wild-type,HS3=wild-type	SRR39926975	2026-08-17
PDT003333436		sra-fks1-recaller:HS1=wild-type,HS2=wild-type,HS3=wild-type	SRR39926977	2026-08-17
PDT003333441		sra-fks1-recaller:HS1=wild-type,HS2=wild-type,HS3=wild-type	SRR39926982	2026-08-17
PDT003333442		sra-fks1-recaller:HS1=wild-type,HS2=wild-type,HS3=wild-type	SRR39926983	2026-08-17
PDT003333443		sra-fks1-recaller:failed(Command '['fasterq-dump'; '--split-spot'; '--skip-technical'; '-O'; '/tmp/fks1_r)	SRR39926984	2026-08-17
PDT003333464		sra-fks1-recaller:HS1=wild-type,HS2=wild-type,HS3=wild-type	SRR39927005	2026-08-17
PDT003333751		sra-fks1-recaller:HS1=wild-type,HS2=wild-type,HS3=wild-type	SRR40212539	2026-08-17
PDT003339145		sra-fks1-recaller:HS1=wild-type,HS2=wild-type,HS3=wild-type	SRR40278677	2026-08-20
PDT003339188		sra-fks1-recaller:HS1=wild-type,HS2=wild-type,HS3=wild-type	SRR40279799	2026-08-20
PDT003346959		sra-fks1-recaller:HS1=wild-type,HS2=wild-type,HS3=wild-type	SRR40317615	2026-08-24
PDT003346973		sra-fks1-recaller:HS1=wild-type,HS2=wild-type,HS3=wild-type	SRR40317629	2026-08-24
PDT003351552		sra-fks1-recaller:HS1=wild-type,HS2=wild-type,HS3=wild-type	SRR40428761	2026-09-02
PDT003353827		sra-fks1-recaller:HS1=wild-type,HS2=wild-type,HS3=wild-type	SRR40394905	2026-08-28
PDT003353848		sra-fks1-recaller:HS1=wild-type,HS2=wild-type,HS3=wild-type	SRR40394926	2026-08-28
PDT003353850		sra-fks1-recaller:HS1=wild-type,HS2=wild-type,HS3=wild-type	SRR40394928	2026-08-28
PDT003353853		sra-fks1-recaller:HS1=wild-type,HS2=wild-type,HS3=wild-type	SRR40394931	2026-08-28
PDT003354169		sra-fks1-recaller:HS1=wild-type,HS2=wild-type,HS3=wild-type	SRR40405065	2026-08-28
PDT003354172		sra-fks1-recaller:HS1=wild-type,HS2=wild-type,HS3=wild-type	SRR40405068	2026-08-28
PDT003354177		sra-fks1-recaller:HS1=wild-type,HS2=wild-type,HS3=wild-type	SRR40405073	2026-08-28
PDT003354183		sra-fks1-recaller:HS1=wild-type,HS2=wild-type,HS3=wild-type	SRR40405079	2026-08-28
PDT003354197		sra-fks1-recaller:HS1=wild-type,HS2=wild-type,HS3=wild-type	SRR40405064	2026-08-28
PDT003358669		sra-fks1-recaller:HS1=wild-type,HS2=wild-type,HS3=wild-type	SRR40431685	2026-08-31
PDT003358727		sra-fks1-recaller:HS1=wild-type,HS2=wild-type,HS3=wild-type	SRR40432627	2026-08-31
PDT003358728		sra-fks1-recaller:HS1=wild-type,HS2=wild-type,HS3=wild-type	SRR40432628	2026-08-31
PDT003358729		sra-fks1-recaller:HS1=wild-type,HS2=wild-type,HS3=wild-type	SRR40432629	2026-08-31
PDT003369408		sra-fks1-recaller:HS1=wild-type,HS2=wild-type,HS3=wild-type	SRR40564790	2026-09-08
PDT003370293		sra-fks1-recaller:HS1=wild-type,HS2=wild-type,HS3=wild-type	SRR40571191	2026-09-08
PDT003370297	R1354C	sra-fks1-recaller:HS1=wild-type,HS2=called,HS3=wild-type	SRR40571195	2026-09-08
PDT003370434		sra-fks1-recaller:HS1=wild-type,HS2=wild-type,HS3=wild-type	SRR40335374	2026-09-08
PDT003370436		sra-fks1-recaller:HS1=wild-type,HS2=wild-type,HS3=wild-type	SRR40335376	2026-09-08
PDT003370929		sra-fks1-recaller:HS1=wild-type,HS2=wild-type,HS3=wild-type	SRR40580742	2026-09-09
PDT003370930		sra-fks1-recaller:HS1=wild-type,HS2=wild-type,HS3=wild-type	SRR40580743	2026-09-09
PDT003370932		sra-fks1-recaller:HS1=wild-type,HS2=wild-type,HS3=wild-type	SRR40580745	2026-09-09
PDT003370933		sra-fks1-recaller:HS1=wild-type,HS2=wild-type,HS3=wild-type	SRR40580746	2026-09-09
PDT003371045		sra-fks1-recaller:HS1=wild-type,HS2=wild-type,HS3=wild-type	SRR40582234	2026-09-09
PDT003372051		sra-fks1-recaller:HS1=wild-type,HS2=wild-type,HS3=wild-type	SRR40593505	2026-09-09
PDT003374244		sra-fks1-recaller:HS1=wild-type,HS2=wild-type,HS3=wild-type	SRR40625202	2026-09-11
PDT003374437		sra-fks1-recaller:HS1=wild-type,HS2=wild-type,HS3=wild-type	SRR40626165	2026-09-11
PDT003374461		sra-fks1-recaller:HS1=wild-type,HS2=wild-type,HS3=wild-type	SRR40626189	2026-09-11
PDT003385185		sra-fks1-recaller:HS1=wild-type,HS2=wild-type,HS3=wild-type	SRR40705396	2026-09-16
PDT003385309		sra-fks1-recaller:HS1=wild-type,HS2=wild-type,HS3=wild-type	SRR40709367	2026-09-16
PDT003385359		sra-fks1-recaller:HS1=wild-type,HS2=wild-type,HS3=wild-type	SRR40709370	2026-09-16
PDT003389798		sra-fks1-recaller:HS1=wild-type,HS2=wild-type,HS3=wild-type	SRR40743542	2026-09-18
PDT003389803		sra-fks1-recaller:HS1=wild-type,HS2=wild-type,HS3=wild-type	SRR40743547	2026-09-18
PDT003389810		sra-fks1-recaller:HS1=wild-type,HS2=wild-type,HS3=wild-type	SRR40743554	2026-09-18
PDT003399159	S639F	sra-fks1-recaller:HS1=called,HS2=wild-type,HS3=wild-type	SRR40803242	2026-09-22
PDT003399160		sra-fks1-recaller:HS1=wild-type,HS2=wild-type,HS3=wild-type	SRR40803243	2026-09-22
PDT003399170		sra-fks1-recaller:HS1=wild-type,HS2=wild-type,HS3=wild-type	SRR40803253	2026-09-22
PDT003399176		sra-fks1-recaller:HS1=wild-type,HS2=wild-type,HS3=wild-type	SRR40803259	2026-09-22
PDT003399178		sra-fks1-recaller:HS1=wild-type,HS2=wild-type,HS3=wild-type	SRR40803261	2026-09-22
PDT003401704	D642Y	sra-fks1-recaller:HS1=called,HS2=wild-type,HS3=wild-type	SRR40834908	2026-09-28
PDT003402030	D642Y	sra-fks1-recaller:HS1=called,HS2=wild-type,HS3=wild-type	SRR39121166	2026-09-24
PDT003402042		sra-fks1-recaller:HS1=wild-type,HS2=wild-type,HS3=wild-type	SRR39121178	2026-09-24
PDT003402089		sra-fks1-recaller:failed(Command '['minimap2'; '-ax'; 'sr'; '/home/jacobjensen/OpenAFR/data/earlywarning/)	SRR39121225	2026-09-24
PDT003402102		sra-fks1-recaller:HS1=wild-type,HS2=wild-type,HS3=wild-type	SRR39121238	2026-09-24
PDT003402103		sra-fks1-recaller:failed(Command '['minimap2'; '-ax'; 'sr'; '/home/jacobjensen/OpenAFR/data/earlywarning/)	SRR39121239	2026-09-24
PDT003402106		sra-fks1-recaller:HS1=wild-type,HS2=wild-type,HS3=wild-type	SRR39121242	2026-09-24
PDT003402156		sra-fks1-recaller:HS1=wild-type,HS2=wild-type,HS3=wild-type	SRR40703423	2026-09-24
PDT003403690		sra-fks1-recaller:HS1=wild-type,HS2=wild-type,HS3=wild-type	SRR40853852	2026-09-28
PDT003403692		sra-fks1-recaller:HS1=wild-type,HS2=wild-type,HS3=wild-type	SRR40853856	2026-09-28
PDT003403718		sra-fks1-recaller:HS1=wild-type,HS2=wild-type,HS3=wild-type	SRR40857109	2026-09-28
PDT003403725		sra-fks1-recaller:HS1=wild-type,HS2=wild-type,HS3=wild-type	SRR40857099	2026-09-28
PDT003403726	F635L	sra-fks1-recaller:HS1=called,HS2=wild-type,HS3=wild-type	SRR40857100	2026-09-28
PDT003409778		sra-fks1-recaller:HS1=wild-type,HS2=wild-type,HS3=wild-type	SRR40883524	2026-09-28
PDT003409780		sra-fks1-recaller:HS1=wild-type,HS2=wild-type,HS3=wild-type	SRR40883526	2026-09-28
PDT003410738		sra-fks1-recaller:HS1=wild-type,HS2=wild-type,HS3=wild-type	SRR40893882	2026-09-30
PDT003410772	R1354H	sra-fks1-recaller:HS1=wild-type,HS2=called,HS3=wild-type	SRR40893871	2026-09-30
PDT003410773		sra-fks1-recaller:HS1=wild-type,HS2=wild-type,HS3=wild-type	SRR40893873	2026-09-30
PDT003410779		sra-fks1-recaller:HS1=wild-type,HS2=wild-type,HS3=wild-type	SRR40893908	2026-09-29
PDT003411002		sra-fks1-recaller:HS1=wild-type,HS2=wild-type,HS3=wild-type	SRR40893863	2026-09-30
PDT003415773		sra-fks1-recaller:HS1=wild-type,HS2=wild-type,HS3=wild-type	SRR40965815	2026-10-01
PDT003416967		sra-fks1-recaller:HS1=wild-type,HS2=wild-type,HS3=wild-type	SRR40979962	2026-10-01
PDT003416974		sra-fks1-recaller:HS1=wild-type,HS2=wild-type,HS3=wild-type	SRR40979969	2026-10-01
PDT003416992		sra-fks1-recaller:HS1=wild-type,HS2=wild-type,HS3=wild-type	SRR40979987	2026-10-01
PDT003417570		sra-fks1-recaller:HS1=wild-type,HS2=wild-type,HS3=wild-type	SRR40988305	2026-10-02
PDT003417572		sra-fks1-recaller:HS1=wild-type,HS2=wild-type,HS3=wild-type	SRR40988307	2026-10-02
PDT003417697		sra-fks1-recaller:HS1=wild-type,HS2=wild-type,HS3=wild-type	SRR40988277	2026-10-02
PDT003421826		sra-fks1-recaller:HS1=wild-type,HS2=wild-type,HS3=wild-type	SRR41013874	2026-10-05
PDT003421833		sra-fks1-recaller:HS1=wild-type,HS2=wild-type,HS3=wild-type	SRR41013881	2026-10-05
PDT003421843		sra-fks1-recaller:HS1=wild-type,HS2=wild-type,HS3=wild-type	SRR41013891	2026-10-05
PDT003421850		sra-fks1-recaller:HS1=wild-type,HS2=wild-type,HS3=wild-type	SRR41013898	2026-10-05
PDT003422602		sra-fks1-recaller:HS1=wild-type,HS2=wild-type,HS3=wild-type	SRR41020119	2026-10-05
PDT003424587		sra-fks1-recaller:HS1=wild-type,HS2=wild-type,HS3=wild-type	SRR41042915	2026-10-06
PDT003424588		sra-fks1-recaller:HS1=wild-type,HS2=wild-type,HS3=wild-type	SRR41042916	2026-10-06
PDT003424754		sra-fks1-recaller:HS1=wild-type,HS2=wild-type,HS3=wild-type	SRR41042923	2026-10-06
PDT003424759		sra-fks1-recaller:HS1=wild-type,HS2=wild-type,HS3=wild-type	SRR41042934	2026-10-06
